Hugo_Symbol	Frame_Shift_Del	Frame_Shift_Ins	In_Frame_Del	In_Frame_Ins	Missense_Mutation	Nonsense_Mutation	Nonstop_Mutation	Splice_Site	Translation_Start_Site	total	MutatedSamples	AlteredSamples	n_samples	altered_sample_percentage
H3F3A	0	0	0	0	26	0	0	0	0	26	26	26	27	96.29629629629629
TP53	0	0	0	0	14	1	0	2	0	17	16	16	27	59.25925925925925
NF1	4	0	0	0	1	5	0	2	0	12	8	8	27	29.629629629629626
ATRX	3	0	0	0	4	0	0	1	0	8	8	8	27	29.629629629629626
PIK3CA	0	0	2	0	5	0	0	0	0	7	7	7	27	25.925925925925924
MUC16	0	0	0	0	5	0	0	0	0	5	5	5	27	18.51851851851852
PPM1D	1	0	0	0	0	4	0	0	0	5	5	5	27	18.51851851851852
TTN	1	0	0	0	4	0	0	0	0	5	5	5	27	18.51851851851852
PTPN11	0	0	0	0	4	0	0	0	0	4	4	4	27	14.814814814814813
PTEN	0	1	0	0	2	0	0	1	0	4	3	3	27	11.11111111111111
DNAH5	0	0	0	0	2	1	0	0	0	3	3	3	27	11.11111111111111
KALRN	0	0	0	0	3	0	0	0	0	3	3	3	27	11.11111111111111
RAMP2	0	0	3	0	0	0	0	0	0	3	3	3	27	11.11111111111111
TNC	0	0	0	0	3	0	0	0	0	3	3	3	27	11.11111111111111
DNAH12	1	0	0	0	2	0	0	0	0	3	2	2	27	7.4074074074074066
ABCA7	0	0	0	0	2	0	0	0	0	2	2	2	27	7.4074074074074066
AC099489.1	0	0	0	0	2	0	0	0	0	2	2	2	27	7.4074074074074066
ACAD11	0	1	0	0	1	0	0	0	0	2	2	2	27	7.4074074074074066
ACVR1	0	0	0	0	2	0	0	0	0	2	2	2	27	7.4074074074074066
AHNAK2	0	0	0	0	2	0	0	0	0	2	2	2	27	7.4074074074074066
APOB	0	0	0	0	2	0	0	0	0	2	2	2	27	7.4074074074074066
BCL9L	0	0	0	0	1	1	0	0	0	2	2	2	27	7.4074074074074066
CARMIL3	1	0	0	0	1	0	0	0	0	2	2	2	27	7.4074074074074066
CDH9	0	0	0	0	2	0	0	0	0	2	2	2	27	7.4074074074074066
CENPB	0	0	0	0	0	0	0	0	2	2	2	2	27	7.4074074074074066
CFAP47	1	0	0	0	1	0	0	0	0	2	2	2	27	7.4074074074074066
CFAP65	0	0	0	0	2	0	0	0	0	2	2	2	27	7.4074074074074066
CLASP1	0	0	0	0	2	0	0	0	0	2	2	2	27	7.4074074074074066
CPT1A	0	0	0	0	2	0	0	0	0	2	2	2	27	7.4074074074074066
CREBBP	0	0	0	0	1	0	0	1	0	2	2	2	27	7.4074074074074066
DEAF1	0	0	2	0	0	0	0	0	0	2	2	2	27	7.4074074074074066
DIAPH2	0	0	0	0	1	0	0	1	0	2	2	2	27	7.4074074074074066
DNAH14	1	0	0	0	1	0	0	0	0	2	2	2	27	7.4074074074074066
ELAVL2	1	0	0	0	1	0	0	0	0	2	2	2	27	7.4074074074074066
F8	0	0	0	0	2	0	0	0	0	2	2	2	27	7.4074074074074066
FLCN	1	0	0	0	1	0	0	0	0	2	2	2	27	7.4074074074074066
FLG	0	0	0	0	2	0	0	0	0	2	2	2	27	7.4074074074074066
HRNR	0	0	0	0	2	0	0	0	0	2	2	2	27	7.4074074074074066
HSH2D	0	0	0	0	2	0	0	0	0	2	2	2	27	7.4074074074074066
HTR1A	0	0	0	0	2	0	0	0	0	2	2	2	27	7.4074074074074066
ITPR1	0	0	0	0	1	1	0	0	0	2	2	2	27	7.4074074074074066
KIR2DL1	0	0	0	0	2	0	0	0	0	2	2	2	27	7.4074074074074066
KIR2DL3	0	0	0	0	2	0	0	0	0	2	2	2	27	7.4074074074074066
MAP3K15	0	0	0	0	2	0	0	0	0	2	2	2	27	7.4074074074074066
MKI67	0	0	0	0	2	0	0	0	0	2	2	2	27	7.4074074074074066
MT-ND5	0	0	0	0	2	0	0	0	0	2	2	2	27	7.4074074074074066
PCDH11X	0	0	0	0	2	0	0	0	0	2	2	2	27	7.4074074074074066
PDGFRA	0	0	0	0	2	0	0	0	0	2	2	2	27	7.4074074074074066
PKHD1L1	0	0	0	0	1	1	0	0	0	2	2	2	27	7.4074074074074066
PRSS16	1	0	0	0	1	0	0	0	0	2	2	2	27	7.4074074074074066
RP1L1	0	0	0	0	2	0	0	0	0	2	2	2	27	7.4074074074074066
RPTN	1	0	0	0	1	0	0	0	0	2	2	2	27	7.4074074074074066
RYR1	0	0	0	0	2	0	0	0	0	2	2	2	27	7.4074074074074066
SAMD9L	1	0	0	0	1	0	0	0	0	2	2	2	27	7.4074074074074066
SP8	0	0	2	0	0	0	0	0	0	2	2	2	27	7.4074074074074066
SRRM4	0	0	0	0	2	0	0	0	0	2	2	2	27	7.4074074074074066
SYNE3	0	0	0	0	1	1	0	0	0	2	2	2	27	7.4074074074074066
TEX13C	0	0	0	0	2	0	0	0	0	2	2	2	27	7.4074074074074066
TRIM48	0	0	0	0	2	0	0	0	0	2	2	2	27	7.4074074074074066
TRPM2	0	0	0	0	2	0	0	0	0	2	2	2	27	7.4074074074074066
VPS8	0	0	0	0	2	0	0	0	0	2	2	2	27	7.4074074074074066
WIPF1	0	0	0	0	2	0	0	0	0	2	2	2	27	7.4074074074074066
ZCCHC14	1	0	1	0	0	0	0	0	0	2	2	2	27	7.4074074074074066
ZNF804B	0	0	0	0	2	0	0	0	0	2	2	2	27	7.4074074074074066
EXOC8	0	0	0	0	4	0	0	0	0	4	1	1	27	3.7037037037037033
KANK1	0	0	0	0	3	0	0	0	0	3	1	1	27	3.7037037037037033
KAT6B	0	2	0	0	1	0	0	0	0	3	1	1	27	3.7037037037037033
PER1	0	0	0	0	3	0	0	0	0	3	1	1	27	3.7037037037037033
SAMD4A	0	2	0	0	1	0	0	0	0	3	1	1	27	3.7037037037037033
ADAMTS18	1	0	0	0	1	0	0	0	0	2	1	1	27	3.7037037037037033
ADGRV1	0	0	0	0	2	0	0	0	0	2	1	1	27	3.7037037037037033
CUX2	0	0	0	0	2	0	0	0	0	2	1	1	27	3.7037037037037033
DNAH17	0	0	0	0	2	0	0	0	0	2	1	1	27	3.7037037037037033
KIR3DL1	0	1	0	0	1	0	0	0	0	2	1	1	27	3.7037037037037033
SNX25	0	0	1	0	1	0	0	0	0	2	1	1	27	3.7037037037037033
A4GNT	0	0	0	0	1	0	0	0	0	1	1	1	27	3.7037037037037033
AADACL3	0	0	0	0	1	0	0	0	0	1	1	1	27	3.7037037037037033
ABCA1	0	0	0	0	1	0	0	0	0	1	1	1	27	3.7037037037037033
ABHD14B	0	0	0	0	1	0	0	0	0	1	1	1	27	3.7037037037037033
ABHD15	0	0	0	0	1	0	0	0	0	1	1	1	27	3.7037037037037033
ABHD16B	0	0	0	0	1	0	0	0	0	1	1	1	27	3.7037037037037033
AC084757.2	0	0	0	0	0	0	0	1	0	1	1	1	27	3.7037037037037033
AC115220.1	0	0	0	0	1	0	0	0	0	1	1	1	27	3.7037037037037033
AC233724.12	0	0	0	0	1	0	0	0	0	1	1	1	27	3.7037037037037033
ACAN	0	0	0	0	1	0	0	0	0	1	1	1	27	3.7037037037037033
ACOT11	0	0	0	0	1	0	0	0	0	1	1	1	27	3.7037037037037033
ACOT9	1	0	0	0	0	0	0	0	0	1	1	1	27	3.7037037037037033
ACTRT3	0	0	0	0	1	0	0	0	0	1	1	1	27	3.7037037037037033
ADAMTS12	0	0	0	0	1	0	0	0	0	1	1	1	27	3.7037037037037033
ADAMTS16	0	0	0	0	0	1	0	0	0	1	1	1	27	3.7037037037037033
ADAMTS6	0	0	0	0	1	0	0	0	0	1	1	1	27	3.7037037037037033
ADAMTSL2	0	0	0	0	1	0	0	0	0	1	1	1	27	3.7037037037037033
ADGRA3	1	0	0	0	0	0	0	0	0	1	1	1	27	3.7037037037037033
ADGRB2	0	0	0	0	1	0	0	0	0	1	1	1	27	3.7037037037037033
ADGRF2	0	0	0	0	1	0	0	0	0	1	1	1	27	3.7037037037037033
ADGRF5	0	0	0	0	1	0	0	0	0	1	1	1	27	3.7037037037037033
ADNP2	0	0	0	0	1	0	0	0	0	1	1	1	27	3.7037037037037033
AGAP2	0	0	0	0	1	0	0	0	0	1	1	1	27	3.7037037037037033
AGO3	1	0	0	0	0	0	0	0	0	1	1	1	27	3.7037037037037033
AKAP9	0	0	0	0	1	0	0	0	0	1	1	1	27	3.7037037037037033
AKR1B10	0	0	0	0	1	0	0	0	0	1	1	1	27	3.7037037037037033
AKR1E2	0	0	0	0	0	1	0	0	0	1	1	1	27	3.7037037037037033
AL035685.1	0	0	0	0	0	0	0	1	0	1	1	1	27	3.7037037037037033
ALDH3B2	0	0	0	0	1	0	0	0	0	1	1	1	27	3.7037037037037033
ALDH7A1	0	0	0	0	0	0	1	0	0	1	1	1	27	3.7037037037037033
ALPK3	0	0	0	0	1	0	0	0	0	1	1	1	27	3.7037037037037033
AMOT	0	0	0	0	1	0	0	0	0	1	1	1	27	3.7037037037037033
ANGPTL4	0	0	0	0	1	0	0	0	0	1	1	1	27	3.7037037037037033
ANK2	0	0	0	0	1	0	0	0	0	1	1	1	27	3.7037037037037033
ANKRD36B	0	0	0	0	1	0	0	0	0	1	1	1	27	3.7037037037037033
ANKRD6	0	0	0	0	1	0	0	0	0	1	1	1	27	3.7037037037037033
ANKS1A	0	0	1	0	0	0	0	0	0	1	1	1	27	3.7037037037037033
ANKS4B	0	0	0	0	1	0	0	0	0	1	1	1	27	3.7037037037037033
ANO8	0	0	0	0	1	0	0	0	0	1	1	1	27	3.7037037037037033
AP000790.2	0	0	0	0	1	0	0	0	0	1	1	1	27	3.7037037037037033
APOBEC3F	0	0	0	0	0	1	0	0	0	1	1	1	27	3.7037037037037033
APOBEC3G	0	0	0	0	1	0	0	0	0	1	1	1	27	3.7037037037037033
APOO	0	0	0	0	1	0	0	0	0	1	1	1	27	3.7037037037037033
AQP10	0	0	0	0	1	0	0	0	0	1	1	1	27	3.7037037037037033
ARHGAP15	0	0	0	0	1	0	0	0	0	1	1	1	27	3.7037037037037033
ARHGAP30	0	0	0	0	1	0	0	0	0	1	1	1	27	3.7037037037037033
ARHGEF2	0	0	0	0	1	0	0	0	0	1	1	1	27	3.7037037037037033
ARHGEF4	0	0	0	0	1	0	0	0	0	1	1	1	27	3.7037037037037033
ARID4A	0	0	0	0	0	1	0	0	0	1	1	1	27	3.7037037037037033
ARL14EPL	0	0	0	0	1	0	0	0	0	1	1	1	27	3.7037037037037033
ARMC5	1	0	0	0	0	0	0	0	0	1	1	1	27	3.7037037037037033
ARMC9	0	1	0	0	0	0	0	0	0	1	1	1	27	3.7037037037037033
ARMCX4	0	0	0	0	1	0	0	0	0	1	1	1	27	3.7037037037037033
ARSE	0	0	0	0	1	0	0	0	0	1	1	1	27	3.7037037037037033
ASCC3	1	0	0	0	0	0	0	0	0	1	1	1	27	3.7037037037037033
ASXL1	1	0	0	0	0	0	0	0	0	1	1	1	27	3.7037037037037033
ATAD2	0	0	0	0	1	0	0	0	0	1	1	1	27	3.7037037037037033
ATF7IP	0	0	0	0	1	0	0	0	0	1	1	1	27	3.7037037037037033
ATM	1	0	0	0	0	0	0	0	0	1	1	1	27	3.7037037037037033
ATOH1	0	0	0	0	1	0	0	0	0	1	1	1	27	3.7037037037037033
ATP2A3	0	0	0	0	1	0	0	0	0	1	1	1	27	3.7037037037037033
ATP7B	0	0	0	0	0	1	0	0	0	1	1	1	27	3.7037037037037033
ATP9B	0	0	0	0	1	0	0	0	0	1	1	1	27	3.7037037037037033
ATXN3	0	0	0	0	1	0	0	0	0	1	1	1	27	3.7037037037037033
AUTS2	0	0	0	0	1	0	0	0	0	1	1	1	27	3.7037037037037033
B3GALT1	0	0	0	0	1	0	0	0	0	1	1	1	27	3.7037037037037033
BAX	0	0	0	0	1	0	0	0	0	1	1	1	27	3.7037037037037033
BCAS2	0	0	0	0	1	0	0	0	0	1	1	1	27	3.7037037037037033
BCOR	1	0	0	0	0	0	0	0	0	1	1	1	27	3.7037037037037033
BCORL1	1	0	0	0	0	0	0	0	0	1	1	1	27	3.7037037037037033
BDP1	0	0	0	0	1	0	0	0	0	1	1	1	27	3.7037037037037033
BEND4	0	0	0	0	1	0	0	0	0	1	1	1	27	3.7037037037037033
BEST1	0	0	0	0	1	0	0	0	0	1	1	1	27	3.7037037037037033
BHLHE41	0	0	1	0	0	0	0	0	0	1	1	1	27	3.7037037037037033
BIN1	0	0	0	0	1	0	0	0	0	1	1	1	27	3.7037037037037033
BIN2	0	0	0	0	1	0	0	0	0	1	1	1	27	3.7037037037037033
BIRC3	0	0	0	0	0	0	0	1	0	1	1	1	27	3.7037037037037033
BNC2	0	0	0	0	1	0	0	0	0	1	1	1	27	3.7037037037037033
BPTF	0	0	0	0	1	0	0	0	0	1	1	1	27	3.7037037037037033
BRAF	0	0	0	0	1	0	0	0	0	1	1	1	27	3.7037037037037033
BRCA2	0	0	1	0	0	0	0	0	0	1	1	1	27	3.7037037037037033
BTN2A1	0	0	1	0	0	0	0	0	0	1	1	1	27	3.7037037037037033
C10orf71	0	0	0	0	1	0	0	0	0	1	1	1	27	3.7037037037037033
C11orf80	0	0	0	0	0	1	0	0	0	1	1	1	27	3.7037037037037033
C14orf39	0	0	0	0	1	0	0	0	0	1	1	1	27	3.7037037037037033
C18orf32	0	0	0	0	1	0	0	0	0	1	1	1	27	3.7037037037037033
C19orf54	0	0	0	0	1	0	0	0	0	1	1	1	27	3.7037037037037033
C3orf56	0	0	0	0	1	0	0	0	0	1	1	1	27	3.7037037037037033
C6orf89	0	1	0	0	0	0	0	0	0	1	1	1	27	3.7037037037037033
C7	0	0	0	0	1	0	0	0	0	1	1	1	27	3.7037037037037033
CA3	0	0	0	0	1	0	0	0	0	1	1	1	27	3.7037037037037033
CABP5	0	0	0	0	1	0	0	0	0	1	1	1	27	3.7037037037037033
CABS1	0	0	0	0	1	0	0	0	0	1	1	1	27	3.7037037037037033
CACNA1A	0	0	1	0	0	0	0	0	0	1	1	1	27	3.7037037037037033
CACNA1G	0	0	0	0	1	0	0	0	0	1	1	1	27	3.7037037037037033
CALN1	0	0	0	0	1	0	0	0	0	1	1	1	27	3.7037037037037033
CAMSAP1	0	0	0	0	1	0	0	0	0	1	1	1	27	3.7037037037037033
CAPN5	0	0	0	0	1	0	0	0	0	1	1	1	27	3.7037037037037033
CASKIN2	0	0	0	0	1	0	0	0	0	1	1	1	27	3.7037037037037033
CBL	0	0	0	0	1	0	0	0	0	1	1	1	27	3.7037037037037033
CC2D2A	1	0	0	0	0	0	0	0	0	1	1	1	27	3.7037037037037033
CCDC102B	1	0	0	0	0	0	0	0	0	1	1	1	27	3.7037037037037033
CCDC120	0	0	0	0	1	0	0	0	0	1	1	1	27	3.7037037037037033
CCDC168	0	0	0	0	0	1	0	0	0	1	1	1	27	3.7037037037037033
CCDC177	0	0	0	0	1	0	0	0	0	1	1	1	27	3.7037037037037033
CCDC192	1	0	0	0	0	0	0	0	0	1	1	1	27	3.7037037037037033
CCDC195	1	0	0	0	0	0	0	0	0	1	1	1	27	3.7037037037037033
CCDC3	0	0	0	0	1	0	0	0	0	1	1	1	27	3.7037037037037033
CCDC85C	1	0	0	0	0	0	0	0	0	1	1	1	27	3.7037037037037033
CCL23	0	0	0	0	0	0	0	1	0	1	1	1	27	3.7037037037037033
CCR8	0	0	0	0	0	1	0	0	0	1	1	1	27	3.7037037037037033
CD101	1	0	0	0	0	0	0	0	0	1	1	1	27	3.7037037037037033
CD163	0	0	0	0	1	0	0	0	0	1	1	1	27	3.7037037037037033
CD177	0	0	0	0	1	0	0	0	0	1	1	1	27	3.7037037037037033
CD36	0	0	0	0	1	0	0	0	0	1	1	1	27	3.7037037037037033
CD53	0	0	0	0	1	0	0	0	0	1	1	1	27	3.7037037037037033
CD55	0	0	0	0	1	0	0	0	0	1	1	1	27	3.7037037037037033
CD6	0	0	0	0	1	0	0	0	0	1	1	1	27	3.7037037037037033
CD99	0	0	0	0	1	0	0	0	0	1	1	1	27	3.7037037037037033
CDH11	0	0	0	0	1	0	0	0	0	1	1	1	27	3.7037037037037033
CDH22	0	0	1	0	0	0	0	0	0	1	1	1	27	3.7037037037037033
CDH23	0	0	0	0	1	0	0	0	0	1	1	1	27	3.7037037037037033
CDH24	1	0	0	0	0	0	0	0	0	1	1	1	27	3.7037037037037033
CDK11A	0	0	0	0	0	0	0	1	0	1	1	1	27	3.7037037037037033
CDK2	0	0	0	0	1	0	0	0	0	1	1	1	27	3.7037037037037033
CDK2AP1	0	0	0	0	1	0	0	0	0	1	1	1	27	3.7037037037037033
CDKN1C	0	1	0	0	0	0	0	0	0	1	1	1	27	3.7037037037037033
CEBPZ	1	0	0	0	0	0	0	0	0	1	1	1	27	3.7037037037037033
CEL	0	0	0	0	1	0	0	0	0	1	1	1	27	3.7037037037037033
CELSR1	0	0	0	0	1	0	0	0	0	1	1	1	27	3.7037037037037033
CFAP100	0	0	0	0	1	0	0	0	0	1	1	1	27	3.7037037037037033
CFAP298	0	0	0	0	1	0	0	0	0	1	1	1	27	3.7037037037037033
CFAP44	0	0	0	0	1	0	0	0	0	1	1	1	27	3.7037037037037033
CFC1B	0	0	0	0	1	0	0	0	0	1	1	1	27	3.7037037037037033
CHD5	0	0	0	0	1	0	0	0	0	1	1	1	27	3.7037037037037033
CHD9	0	0	0	0	1	0	0	0	0	1	1	1	27	3.7037037037037033
CHST7	0	0	0	0	1	0	0	0	0	1	1	1	27	3.7037037037037033
CIITA	0	0	0	0	1	0	0	0	0	1	1	1	27	3.7037037037037033
CLASP2	0	0	0	0	1	0	0	0	0	1	1	1	27	3.7037037037037033
CLCA1	0	0	0	0	0	1	0	0	0	1	1	1	27	3.7037037037037033
CLCA2	0	0	0	0	1	0	0	0	0	1	1	1	27	3.7037037037037033
CLCN4	0	0	0	0	1	0	0	0	0	1	1	1	27	3.7037037037037033
CLCN5	0	0	0	0	1	0	0	0	0	1	1	1	27	3.7037037037037033
CLEC12B	0	0	0	0	1	0	0	0	0	1	1	1	27	3.7037037037037033
CLEC18B	0	0	0	0	1	0	0	0	0	1	1	1	27	3.7037037037037033
CLEC20A	0	0	0	0	1	0	0	0	0	1	1	1	27	3.7037037037037033
CLMN	0	0	0	0	1	0	0	0	0	1	1	1	27	3.7037037037037033
CMKLR1	0	0	0	0	1	0	0	0	0	1	1	1	27	3.7037037037037033
CMSS1	0	1	0	0	0	0	0	0	0	1	1	1	27	3.7037037037037033
CNNM1	0	0	0	0	1	0	0	0	0	1	1	1	27	3.7037037037037033
COL10A1	0	0	0	0	1	0	0	0	0	1	1	1	27	3.7037037037037033
COL1A1	0	0	0	0	1	0	0	0	0	1	1	1	27	3.7037037037037033
COL27A1	0	0	0	0	1	0	0	0	0	1	1	1	27	3.7037037037037033
COL28A1	0	0	0	0	1	0	0	0	0	1	1	1	27	3.7037037037037033
COL4A3	0	0	0	0	1	0	0	0	0	1	1	1	27	3.7037037037037033
COL6A6	0	0	0	0	1	0	0	0	0	1	1	1	27	3.7037037037037033
COMP	0	0	0	0	1	0	0	0	0	1	1	1	27	3.7037037037037033
COPS2	0	0	0	0	1	0	0	0	0	1	1	1	27	3.7037037037037033
COQ8A	0	0	0	0	1	0	0	0	0	1	1	1	27	3.7037037037037033
CRABP2	0	0	0	0	1	0	0	0	0	1	1	1	27	3.7037037037037033
CRYBA2	0	0	0	0	0	1	0	0	0	1	1	1	27	3.7037037037037033
CRYBG1	1	0	0	0	0	0	0	0	0	1	1	1	27	3.7037037037037033
CSDE1	0	0	0	0	1	0	0	0	0	1	1	1	27	3.7037037037037033
CSMD3	0	0	0	0	1	0	0	0	0	1	1	1	27	3.7037037037037033
CSNKA2IP	1	0	0	0	0	0	0	0	0	1	1	1	27	3.7037037037037033
CT45A9	0	0	0	0	1	0	0	0	0	1	1	1	27	3.7037037037037033
CTNND2	0	0	0	0	1	0	0	0	0	1	1	1	27	3.7037037037037033
CTSH	0	0	0	0	1	0	0	0	0	1	1	1	27	3.7037037037037033
CXCR3	0	0	0	0	1	0	0	0	0	1	1	1	27	3.7037037037037033
CXXC1	1	0	0	0	0	0	0	0	0	1	1	1	27	3.7037037037037033
CXXC4	0	0	0	0	1	0	0	0	0	1	1	1	27	3.7037037037037033
CYLC1	0	0	0	0	1	0	0	0	0	1	1	1	27	3.7037037037037033
CYP39A1	0	0	0	0	1	0	0	0	0	1	1	1	27	3.7037037037037033
CYP8B1	0	0	0	0	1	0	0	0	0	1	1	1	27	3.7037037037037033
CYR61	0	0	0	0	1	0	0	0	0	1	1	1	27	3.7037037037037033
DAAM1	0	0	0	0	1	0	0	0	0	1	1	1	27	3.7037037037037033
DACT3	0	0	0	0	1	0	0	0	0	1	1	1	27	3.7037037037037033
DCC	0	0	0	0	1	0	0	0	0	1	1	1	27	3.7037037037037033
DCDC1	0	0	0	0	1	0	0	0	0	1	1	1	27	3.7037037037037033
DDX23	0	0	0	0	1	0	0	0	0	1	1	1	27	3.7037037037037033
DDX27	0	0	0	0	1	0	0	0	0	1	1	1	27	3.7037037037037033
DDX4	0	0	0	0	1	0	0	0	0	1	1	1	27	3.7037037037037033
DENND4B	0	0	0	0	1	0	0	0	0	1	1	1	27	3.7037037037037033
DENND5B	0	0	0	0	0	1	0	0	0	1	1	1	27	3.7037037037037033
DGKG	0	0	0	0	1	0	0	0	0	1	1	1	27	3.7037037037037033
DKC1	0	0	0	0	0	0	0	0	1	1	1	1	27	3.7037037037037033
DLGAP2	1	0	0	0	0	0	0	0	0	1	1	1	27	3.7037037037037033
DLX5	0	0	0	0	1	0	0	0	0	1	1	1	27	3.7037037037037033
DLX6	1	0	0	0	0	0	0	0	0	1	1	1	27	3.7037037037037033
DMC1	0	0	0	0	1	0	0	0	0	1	1	1	27	3.7037037037037033
DMD	0	0	0	0	1	0	0	0	0	1	1	1	27	3.7037037037037033
DNAH1	0	0	0	0	1	0	0	0	0	1	1	1	27	3.7037037037037033
DNAH11	0	0	0	0	1	0	0	0	0	1	1	1	27	3.7037037037037033
DNAH3	0	0	0	0	1	0	0	0	0	1	1	1	27	3.7037037037037033
DOCK4	0	0	0	0	1	0	0	0	0	1	1	1	27	3.7037037037037033
DOCK6	0	0	0	0	1	0	0	0	0	1	1	1	27	3.7037037037037033
DOK1	0	0	0	0	0	1	0	0	0	1	1	1	27	3.7037037037037033
DPP7	0	0	0	0	1	0	0	0	0	1	1	1	27	3.7037037037037033
DSPP	0	0	1	0	0	0	0	0	0	1	1	1	27	3.7037037037037033
DUOX2	0	0	0	0	1	0	0	0	0	1	1	1	27	3.7037037037037033
DUSP27	0	0	0	0	1	0	0	0	0	1	1	1	27	3.7037037037037033
EBF1	0	0	0	0	1	0	0	0	0	1	1	1	27	3.7037037037037033
EEA1	1	0	0	0	0	0	0	0	0	1	1	1	27	3.7037037037037033
EEF1A1	0	0	0	0	1	0	0	0	0	1	1	1	27	3.7037037037037033
EFNB1	0	0	0	0	1	0	0	0	0	1	1	1	27	3.7037037037037033
EGFL8	0	0	0	0	1	0	0	0	0	1	1	1	27	3.7037037037037033
EGFR	0	0	0	0	1	0	0	0	0	1	1	1	27	3.7037037037037033
EGLN3	0	0	0	0	1	0	0	0	0	1	1	1	27	3.7037037037037033
EHBP1	0	0	0	0	1	0	0	0	0	1	1	1	27	3.7037037037037033
EID2B	0	0	0	0	1	0	0	0	0	1	1	1	27	3.7037037037037033
EIF3B	0	0	0	0	1	0	0	0	0	1	1	1	27	3.7037037037037033
EIF4A1	0	0	0	0	1	0	0	0	0	1	1	1	27	3.7037037037037033
ELFN1	0	0	0	0	1	0	0	0	0	1	1	1	27	3.7037037037037033
ENTHD1	0	0	0	0	1	0	0	0	0	1	1	1	27	3.7037037037037033
ERGIC2	0	0	0	0	1	0	0	0	0	1	1	1	27	3.7037037037037033
ESPN	1	0	0	0	0	0	0	0	0	1	1	1	27	3.7037037037037033
ETV1	1	0	0	0	0	0	0	0	0	1	1	1	27	3.7037037037037033
ETV7	0	0	0	0	1	0	0	0	0	1	1	1	27	3.7037037037037033
EVPL	0	0	0	0	1	0	0	0	0	1	1	1	27	3.7037037037037033
EXD1	0	0	0	0	1	0	0	0	0	1	1	1	27	3.7037037037037033
EXOC3	0	0	0	0	1	0	0	0	0	1	1	1	27	3.7037037037037033
EXOC4	0	0	0	0	1	0	0	0	0	1	1	1	27	3.7037037037037033
EXOSC8	0	0	0	0	1	0	0	0	0	1	1	1	27	3.7037037037037033
F7	0	0	0	0	1	0	0	0	0	1	1	1	27	3.7037037037037033
FAM110C	0	0	0	0	1	0	0	0	0	1	1	1	27	3.7037037037037033
FAM149A	0	0	0	0	1	0	0	0	0	1	1	1	27	3.7037037037037033
FAM153C	0	0	0	0	0	0	0	1	0	1	1	1	27	3.7037037037037033
FAM169A	0	0	0	0	1	0	0	0	0	1	1	1	27	3.7037037037037033
FAM204A	1	0	0	0	0	0	0	0	0	1	1	1	27	3.7037037037037033
FAM208A	0	0	0	0	1	0	0	0	0	1	1	1	27	3.7037037037037033
FAM237B	0	0	0	0	0	0	1	0	0	1	1	1	27	3.7037037037037033
FAM3A	0	0	0	0	1	0	0	0	0	1	1	1	27	3.7037037037037033
FAM83B	0	0	0	0	1	0	0	0	0	1	1	1	27	3.7037037037037033
FANCB	0	0	0	0	1	0	0	0	0	1	1	1	27	3.7037037037037033
FBXL13	0	0	0	0	1	0	0	0	0	1	1	1	27	3.7037037037037033
FBXL16	0	0	0	0	1	0	0	0	0	1	1	1	27	3.7037037037037033
FBXO10	0	0	0	0	1	0	0	0	0	1	1	1	27	3.7037037037037033
FBXW4	0	0	1	0	0	0	0	0	0	1	1	1	27	3.7037037037037033
FGD5	1	0	0	0	0	0	0	0	0	1	1	1	27	3.7037037037037033
FGF6	0	0	0	0	1	0	0	0	0	1	1	1	27	3.7037037037037033
FGFRL1	1	0	0	0	0	0	0	0	0	1	1	1	27	3.7037037037037033
FLG2	0	0	0	0	1	0	0	0	0	1	1	1	27	3.7037037037037033
FLYWCH1	0	0	0	0	1	0	0	0	0	1	1	1	27	3.7037037037037033
FNDC1	0	0	0	0	1	0	0	0	0	1	1	1	27	3.7037037037037033
FNDC3A	0	0	0	0	1	0	0	0	0	1	1	1	27	3.7037037037037033
FPGT	0	0	0	0	1	0	0	0	0	1	1	1	27	3.7037037037037033
FRMD7	0	1	0	0	0	0	0	0	0	1	1	1	27	3.7037037037037033
FRMPD3	0	0	0	0	1	0	0	0	0	1	1	1	27	3.7037037037037033
FRY	0	0	0	0	0	0	0	1	0	1	1	1	27	3.7037037037037033
FRYL	0	0	0	0	1	0	0	0	0	1	1	1	27	3.7037037037037033
FSTL5	0	0	0	0	1	0	0	0	0	1	1	1	27	3.7037037037037033
FUT4	0	0	0	0	1	0	0	0	0	1	1	1	27	3.7037037037037033
GADL1	0	0	0	0	1	0	0	0	0	1	1	1	27	3.7037037037037033
GAGE10	0	0	0	0	1	0	0	0	0	1	1	1	27	3.7037037037037033
GAL3ST3	0	0	0	0	1	0	0	0	0	1	1	1	27	3.7037037037037033
GALE	1	0	0	0	0	0	0	0	0	1	1	1	27	3.7037037037037033
GALM	0	0	0	0	1	0	0	0	0	1	1	1	27	3.7037037037037033
GAREM2	0	0	0	0	1	0	0	0	0	1	1	1	27	3.7037037037037033
GARS	0	0	1	0	0	0	0	0	0	1	1	1	27	3.7037037037037033
GATA1	0	0	0	0	1	0	0	0	0	1	1	1	27	3.7037037037037033
GCNA	0	0	0	0	1	0	0	0	0	1	1	1	27	3.7037037037037033
GDF5	0	0	0	0	1	0	0	0	0	1	1	1	27	3.7037037037037033
GDPD4	0	0	0	0	1	0	0	0	0	1	1	1	27	3.7037037037037033
GFI1B	1	0	0	0	0	0	0	0	0	1	1	1	27	3.7037037037037033
GIGYF2	0	0	0	0	1	0	0	0	0	1	1	1	27	3.7037037037037033
GIT1	0	0	0	0	1	0	0	0	0	1	1	1	27	3.7037037037037033
GLDC	0	0	0	0	1	0	0	0	0	1	1	1	27	3.7037037037037033
GLG1	0	0	0	0	1	0	0	0	0	1	1	1	27	3.7037037037037033
GLI1	0	0	0	0	1	0	0	0	0	1	1	1	27	3.7037037037037033
GLRX2	0	1	0	0	0	0	0	0	0	1	1	1	27	3.7037037037037033
GLRX3	0	0	0	0	1	0	0	0	0	1	1	1	27	3.7037037037037033
GNE	0	0	0	0	1	0	0	0	0	1	1	1	27	3.7037037037037033
GON4L	0	0	0	0	1	0	0	0	0	1	1	1	27	3.7037037037037033
GP6	0	0	0	0	1	0	0	0	0	1	1	1	27	3.7037037037037033
GPBAR1	0	0	0	0	1	0	0	0	0	1	1	1	27	3.7037037037037033
GPR119	0	0	0	0	1	0	0	0	0	1	1	1	27	3.7037037037037033
GPRC5C	0	0	0	0	1	0	0	0	0	1	1	1	27	3.7037037037037033
GRB14	0	0	0	0	1	0	0	0	0	1	1	1	27	3.7037037037037033
GTPBP1	0	0	0	0	1	0	0	0	0	1	1	1	27	3.7037037037037033
GUCY1A1	1	0	0	0	0	0	0	0	0	1	1	1	27	3.7037037037037033
GZMB	0	0	0	0	1	0	0	0	0	1	1	1	27	3.7037037037037033
HARS2	0	0	0	0	1	0	0	0	0	1	1	1	27	3.7037037037037033
HBE1	0	0	0	0	1	0	0	0	0	1	1	1	27	3.7037037037037033
HCAR1	0	0	0	0	1	0	0	0	0	1	1	1	27	3.7037037037037033
HDAC4	0	0	0	0	1	0	0	0	0	1	1	1	27	3.7037037037037033
HDAC8	0	0	0	0	0	1	0	0	0	1	1	1	27	3.7037037037037033
HELT	0	0	0	0	0	1	0	0	0	1	1	1	27	3.7037037037037033
HELZ2	0	0	0	0	1	0	0	0	0	1	1	1	27	3.7037037037037033
HES4	0	0	0	0	1	0	0	0	0	1	1	1	27	3.7037037037037033
HEXIM1	0	0	0	0	1	0	0	0	0	1	1	1	27	3.7037037037037033
HIC1	0	0	0	0	1	0	0	0	0	1	1	1	27	3.7037037037037033
HIST1H3B	0	0	0	0	1	0	0	0	0	1	1	1	27	3.7037037037037033
HLA-B	0	0	0	0	1	0	0	0	0	1	1	1	27	3.7037037037037033
HMMR	0	0	0	0	0	1	0	0	0	1	1	1	27	3.7037037037037033
HNRNPCL3	0	0	0	0	1	0	0	0	0	1	1	1	27	3.7037037037037033
HNRNPUL1	0	0	0	0	1	0	0	0	0	1	1	1	27	3.7037037037037033
HOXA10	0	0	0	0	1	0	0	0	0	1	1	1	27	3.7037037037037033
HOXD1	0	0	0	0	1	0	0	0	0	1	1	1	27	3.7037037037037033
HOXD11	0	0	1	0	0	0	0	0	0	1	1	1	27	3.7037037037037033
HP1BP3	0	0	0	0	0	0	0	1	0	1	1	1	27	3.7037037037037033
HPCA	0	0	0	0	1	0	0	0	0	1	1	1	27	3.7037037037037033
HS3ST4	0	0	0	0	1	0	0	0	0	1	1	1	27	3.7037037037037033
HSD17B1	1	0	0	0	0	0	0	0	0	1	1	1	27	3.7037037037037033
HSF5	0	0	0	0	1	0	0	0	0	1	1	1	27	3.7037037037037033
HTR3A	0	0	0	0	1	0	0	0	0	1	1	1	27	3.7037037037037033
IDO1	0	0	0	0	1	0	0	0	0	1	1	1	27	3.7037037037037033
IDO2	0	0	0	0	1	0	0	0	0	1	1	1	27	3.7037037037037033
IFFO2	0	0	0	0	1	0	0	0	0	1	1	1	27	3.7037037037037033
IGHV1-45	0	0	0	0	1	0	0	0	0	1	1	1	27	3.7037037037037033
IGHV3-21	0	0	0	0	1	0	0	0	0	1	1	1	27	3.7037037037037033
IGLV10-54	0	0	0	0	1	0	0	0	0	1	1	1	27	3.7037037037037033
IGSF10	0	0	0	0	1	0	0	0	0	1	1	1	27	3.7037037037037033
IGSF9B	0	0	0	0	1	0	0	0	0	1	1	1	27	3.7037037037037033
IKBIP	1	0	0	0	0	0	0	0	0	1	1	1	27	3.7037037037037033
IL17RA	0	0	0	0	1	0	0	0	0	1	1	1	27	3.7037037037037033
IL1RAPL1	0	0	0	0	0	1	0	0	0	1	1	1	27	3.7037037037037033
IL9RP2	0	0	0	0	0	0	0	1	0	1	1	1	27	3.7037037037037033
IMPDH1	0	0	0	0	1	0	0	0	0	1	1	1	27	3.7037037037037033
INA	0	0	1	0	0	0	0	0	0	1	1	1	27	3.7037037037037033
INTS10	0	1	0	0	0	0	0	0	0	1	1	1	27	3.7037037037037033
INTS13	0	0	0	0	1	0	0	0	0	1	1	1	27	3.7037037037037033
INTS3	0	0	0	0	1	0	0	0	0	1	1	1	27	3.7037037037037033
INVS	1	0	0	0	0	0	0	0	0	1	1	1	27	3.7037037037037033
IQCB1	0	0	0	0	1	0	0	0	0	1	1	1	27	3.7037037037037033
IQUB	0	0	0	0	1	0	0	0	0	1	1	1	27	3.7037037037037033
IRGC	0	0	0	0	1	0	0	0	0	1	1	1	27	3.7037037037037033
IRX1	0	0	0	0	1	0	0	0	0	1	1	1	27	3.7037037037037033
ISG20L2	0	0	0	0	1	0	0	0	0	1	1	1	27	3.7037037037037033
ITGA8	0	0	0	0	1	0	0	0	0	1	1	1	27	3.7037037037037033
ITGAL	0	0	0	0	1	0	0	0	0	1	1	1	27	3.7037037037037033
ITPR2	0	0	0	0	1	0	0	0	0	1	1	1	27	3.7037037037037033
ITPR3	0	0	0	0	1	0	0	0	0	1	1	1	27	3.7037037037037033
ITPRIP	0	0	0	0	1	0	0	0	0	1	1	1	27	3.7037037037037033
IVL	0	0	0	0	1	0	0	0	0	1	1	1	27	3.7037037037037033
JSRP1	0	0	0	0	1	0	0	0	0	1	1	1	27	3.7037037037037033
JUNB	0	0	0	0	1	0	0	0	0	1	1	1	27	3.7037037037037033
KBTBD8	0	0	0	0	1	0	0	0	0	1	1	1	27	3.7037037037037033
KCNA7	0	0	0	0	0	1	0	0	0	1	1	1	27	3.7037037037037033
KCNG1	0	0	0	0	1	0	0	0	0	1	1	1	27	3.7037037037037033
KCNH6	0	0	0	0	1	0	0	0	0	1	1	1	27	3.7037037037037033
KCNU1	0	0	0	0	0	0	1	0	0	1	1	1	27	3.7037037037037033
KCNV2	0	0	0	0	1	0	0	0	0	1	1	1	27	3.7037037037037033
KIAA1586	0	0	0	0	1	0	0	0	0	1	1	1	27	3.7037037037037033
KIF24	0	0	1	0	0	0	0	0	0	1	1	1	27	3.7037037037037033
KIF4B	0	0	0	0	1	0	0	0	0	1	1	1	27	3.7037037037037033
KIF5C	0	0	0	0	1	0	0	0	0	1	1	1	27	3.7037037037037033
KIR3DL3	0	0	0	0	1	0	0	0	0	1	1	1	27	3.7037037037037033
KLF6	0	0	0	0	1	0	0	0	0	1	1	1	27	3.7037037037037033
KLHL42	0	0	0	0	1	0	0	0	0	1	1	1	27	3.7037037037037033
KMT2D	0	0	1	0	0	0	0	0	0	1	1	1	27	3.7037037037037033
KMT5C	0	0	0	0	1	0	0	0	0	1	1	1	27	3.7037037037037033
KNL1	0	0	0	0	1	0	0	0	0	1	1	1	27	3.7037037037037033
KPNA7	0	0	0	0	1	0	0	0	0	1	1	1	27	3.7037037037037033
KPRP	0	0	0	0	1	0	0	0	0	1	1	1	27	3.7037037037037033
KRT36	0	0	0	0	1	0	0	0	0	1	1	1	27	3.7037037037037033
KRT79	0	0	0	0	1	0	0	0	0	1	1	1	27	3.7037037037037033
KRTAP5-2	0	0	0	0	1	0	0	0	0	1	1	1	27	3.7037037037037033
L1CAM	0	0	0	0	1	0	0	0	0	1	1	1	27	3.7037037037037033
LARP7	0	1	0	0	0	0	0	0	0	1	1	1	27	3.7037037037037033
LCMT2	0	1	0	0	0	0	0	0	0	1	1	1	27	3.7037037037037033
LDLR	0	0	0	0	1	0	0	0	0	1	1	1	27	3.7037037037037033
LGR5	1	0	0	0	0	0	0	0	0	1	1	1	27	3.7037037037037033
LIMK2	0	0	0	0	1	0	0	0	0	1	1	1	27	3.7037037037037033
LINC01358	0	0	0	0	0	0	0	1	0	1	1	1	27	3.7037037037037033
LINC02247	0	0	0	0	0	0	0	1	0	1	1	1	27	3.7037037037037033
LINGO2	0	0	0	0	1	0	0	0	0	1	1	1	27	3.7037037037037033
LINS1	0	0	0	0	1	0	0	0	0	1	1	1	27	3.7037037037037033
LIPI	1	0	0	0	0	0	0	0	0	1	1	1	27	3.7037037037037033
LMAN1	0	0	0	0	0	0	0	1	0	1	1	1	27	3.7037037037037033
LPCAT3	0	0	0	0	1	0	0	0	0	1	1	1	27	3.7037037037037033
LPIN1	0	0	0	0	1	0	0	0	0	1	1	1	27	3.7037037037037033
LRFN5	1	0	0	0	0	0	0	0	0	1	1	1	27	3.7037037037037033
LRG1	0	0	0	0	1	0	0	0	0	1	1	1	27	3.7037037037037033
LRP1	0	0	0	0	1	0	0	0	0	1	1	1	27	3.7037037037037033
LRP2	0	0	0	0	0	1	0	0	0	1	1	1	27	3.7037037037037033
LRRC10	0	0	0	0	1	0	0	0	0	1	1	1	27	3.7037037037037033
LRRC14	0	0	0	0	0	1	0	0	0	1	1	1	27	3.7037037037037033
LRRC23	0	0	0	0	1	0	0	0	0	1	1	1	27	3.7037037037037033
LRRC37A2	0	0	0	0	0	1	0	0	0	1	1	1	27	3.7037037037037033
LRRIQ4	0	0	0	0	1	0	0	0	0	1	1	1	27	3.7037037037037033
LRRTM1	0	0	0	0	1	0	0	0	0	1	1	1	27	3.7037037037037033
LTBP2	0	0	0	0	1	0	0	0	0	1	1	1	27	3.7037037037037033
LZTS2	0	0	1	0	0	0	0	0	0	1	1	1	27	3.7037037037037033
MAD1L1	0	0	0	0	1	0	0	0	0	1	1	1	27	3.7037037037037033
MAMDC4	0	0	0	0	1	0	0	0	0	1	1	1	27	3.7037037037037033
MAP1B	0	0	0	0	1	0	0	0	0	1	1	1	27	3.7037037037037033
MAP2	0	0	0	0	1	0	0	0	0	1	1	1	27	3.7037037037037033
MAPKAP1	0	0	0	0	1	0	0	0	0	1	1	1	27	3.7037037037037033
MAST1	0	0	0	0	1	0	0	0	0	1	1	1	27	3.7037037037037033
MBOAT4	1	0	0	0	0	0	0	0	0	1	1	1	27	3.7037037037037033
MCAM	0	0	0	0	1	0	0	0	0	1	1	1	27	3.7037037037037033
MCM5	0	0	0	0	1	0	0	0	0	1	1	1	27	3.7037037037037033
MCTS1	0	0	0	0	1	0	0	0	0	1	1	1	27	3.7037037037037033
MED12L	0	0	0	0	1	0	0	0	0	1	1	1	27	3.7037037037037033
MED17	0	0	0	0	1	0	0	0	0	1	1	1	27	3.7037037037037033
MED26	0	0	0	0	1	0	0	0	0	1	1	1	27	3.7037037037037033
MEGF10	0	0	0	0	1	0	0	0	0	1	1	1	27	3.7037037037037033
MEGF8	0	0	0	0	1	0	0	0	0	1	1	1	27	3.7037037037037033
MET	0	0	0	0	0	1	0	0	0	1	1	1	27	3.7037037037037033
METRNL	1	0	0	0	0	0	0	0	0	1	1	1	27	3.7037037037037033
MFSD1	0	0	0	0	1	0	0	0	0	1	1	1	27	3.7037037037037033
MGA	0	0	0	0	1	0	0	0	0	1	1	1	27	3.7037037037037033
MGRN1	1	0	0	0	0	0	0	0	0	1	1	1	27	3.7037037037037033
MIA2	0	0	0	0	1	0	0	0	0	1	1	1	27	3.7037037037037033
MIB1	0	0	0	0	1	0	0	0	0	1	1	1	27	3.7037037037037033
MIPEPP1	0	0	0	0	0	0	0	1	0	1	1	1	27	3.7037037037037033
MPP1	0	0	0	0	1	0	0	0	0	1	1	1	27	3.7037037037037033
MSH6	0	1	0	0	0	0	0	0	0	1	1	1	27	3.7037037037037033
MT-CO2	0	0	0	0	1	0	0	0	0	1	1	1	27	3.7037037037037033
MT-ND6	0	0	0	0	1	0	0	0	0	1	1	1	27	3.7037037037037033
MTCL1	0	0	0	0	1	0	0	0	0	1	1	1	27	3.7037037037037033
MTHFD1	0	0	1	0	0	0	0	0	0	1	1	1	27	3.7037037037037033
MTMR8	0	0	0	0	1	0	0	0	0	1	1	1	27	3.7037037037037033
MTSS1	1	0	0	0	0	0	0	0	0	1	1	1	27	3.7037037037037033
MTSS1L	0	0	0	0	1	0	0	0	0	1	1	1	27	3.7037037037037033
MTUS1	0	0	0	0	1	0	0	0	0	1	1	1	27	3.7037037037037033
MUC13	0	0	1	0	0	0	0	0	0	1	1	1	27	3.7037037037037033
MUC5AC	0	0	0	0	1	0	0	0	0	1	1	1	27	3.7037037037037033
MUC5B	0	0	0	0	1	0	0	0	0	1	1	1	27	3.7037037037037033
MYH9	0	0	0	0	1	0	0	0	0	1	1	1	27	3.7037037037037033
MYL3	0	0	0	0	1	0	0	0	0	1	1	1	27	3.7037037037037033
MYO15A	0	0	0	0	1	0	0	0	0	1	1	1	27	3.7037037037037033
MYO16	0	0	0	0	1	0	0	0	0	1	1	1	27	3.7037037037037033
MYO5B	0	0	0	0	0	0	0	1	0	1	1	1	27	3.7037037037037033
MYOCD	0	0	0	0	1	0	0	0	0	1	1	1	27	3.7037037037037033
N4BP1	0	0	1	0	0	0	0	0	0	1	1	1	27	3.7037037037037033
NAA25	0	0	0	0	0	0	0	1	0	1	1	1	27	3.7037037037037033
NAP1L2	0	0	1	0	0	0	0	0	0	1	1	1	27	3.7037037037037033
NBPF14	0	0	0	0	1	0	0	0	0	1	1	1	27	3.7037037037037033
NBPF3	0	0	0	0	1	0	0	0	0	1	1	1	27	3.7037037037037033
NCAPG2	0	0	0	0	1	0	0	0	0	1	1	1	27	3.7037037037037033
NCOA2	0	0	0	0	1	0	0	0	0	1	1	1	27	3.7037037037037033
NEDD9	0	0	0	0	1	0	0	0	0	1	1	1	27	3.7037037037037033
NEFH	0	0	0	0	1	0	0	0	0	1	1	1	27	3.7037037037037033
NEUROD2	0	0	0	0	1	0	0	0	0	1	1	1	27	3.7037037037037033
NFAT5	0	0	0	0	1	0	0	0	0	1	1	1	27	3.7037037037037033
NINL	0	0	0	0	1	0	0	0	0	1	1	1	27	3.7037037037037033
NKRF	0	0	0	0	1	0	0	0	0	1	1	1	27	3.7037037037037033
NKTR	0	0	0	0	1	0	0	0	0	1	1	1	27	3.7037037037037033
NKX1-2	0	0	0	0	1	0	0	0	0	1	1	1	27	3.7037037037037033
NKX2-3	0	0	1	0	0	0	0	0	0	1	1	1	27	3.7037037037037033
NKX6-1	0	0	0	0	1	0	0	0	0	1	1	1	27	3.7037037037037033
NLRP7	0	0	0	0	0	1	0	0	0	1	1	1	27	3.7037037037037033
NOS3	0	0	0	0	1	0	0	0	0	1	1	1	27	3.7037037037037033
NOTCH4	0	0	0	0	1	0	0	0	0	1	1	1	27	3.7037037037037033
NOXA1	0	0	0	0	1	0	0	0	0	1	1	1	27	3.7037037037037033
NPBWR1	0	0	0	0	1	0	0	0	0	1	1	1	27	3.7037037037037033
NPC1	0	0	0	0	1	0	0	0	0	1	1	1	27	3.7037037037037033
NPIPB13	0	0	1	0	0	0	0	0	0	1	1	1	27	3.7037037037037033
NPY1R	0	0	0	0	1	0	0	0	0	1	1	1	27	3.7037037037037033
NSDHL	0	0	0	0	1	0	0	0	0	1	1	1	27	3.7037037037037033
NSG1	1	0	0	0	0	0	0	0	0	1	1	1	27	3.7037037037037033
NUGGC	0	0	0	0	1	0	0	0	0	1	1	1	27	3.7037037037037033
NUP205	0	0	0	0	1	0	0	0	0	1	1	1	27	3.7037037037037033
NUP98	1	0	0	0	0	0	0	0	0	1	1	1	27	3.7037037037037033
NWD2	0	0	0	0	1	0	0	0	0	1	1	1	27	3.7037037037037033
NXPE2	0	0	0	0	1	0	0	0	0	1	1	1	27	3.7037037037037033
NXPE4	0	0	0	0	1	0	0	0	0	1	1	1	27	3.7037037037037033
OBSCN	0	0	0	0	1	0	0	0	0	1	1	1	27	3.7037037037037033
OGT	0	0	0	0	1	0	0	0	0	1	1	1	27	3.7037037037037033
OLFM2	0	0	0	0	1	0	0	0	0	1	1	1	27	3.7037037037037033
OPN4	0	0	0	0	1	0	0	0	0	1	1	1	27	3.7037037037037033
OR10P1	0	0	0	0	1	0	0	0	0	1	1	1	27	3.7037037037037033
OR14J1	0	0	0	0	1	0	0	0	0	1	1	1	27	3.7037037037037033
OR1A2	0	0	0	0	1	0	0	0	0	1	1	1	27	3.7037037037037033
OR1C1	0	0	0	0	1	0	0	0	0	1	1	1	27	3.7037037037037033
OR2A2	0	0	0	0	1	0	0	0	0	1	1	1	27	3.7037037037037033
OR2C3	0	0	0	0	1	0	0	0	0	1	1	1	27	3.7037037037037033
OR2L13	0	0	0	0	1	0	0	0	0	1	1	1	27	3.7037037037037033
OR4N5	0	0	0	0	1	0	0	0	0	1	1	1	27	3.7037037037037033
OR4S2	1	0	0	0	0	0	0	0	0	1	1	1	27	3.7037037037037033
OR51G1	0	0	0	0	1	0	0	0	0	1	1	1	27	3.7037037037037033
OR51M1	0	0	0	0	1	0	0	0	0	1	1	1	27	3.7037037037037033
OR5A1	0	0	0	0	0	1	0	0	0	1	1	1	27	3.7037037037037033
OR5F1	0	0	0	0	1	0	0	0	0	1	1	1	27	3.7037037037037033
OR5I1	0	0	0	0	1	0	0	0	0	1	1	1	27	3.7037037037037033
OR5K3	0	0	0	0	0	1	0	0	0	1	1	1	27	3.7037037037037033
OR5K4	0	0	0	0	1	0	0	0	0	1	1	1	27	3.7037037037037033
OR6K6	0	0	0	0	1	0	0	0	0	1	1	1	27	3.7037037037037033
OSBPL1A	1	0	0	0	0	0	0	0	0	1	1	1	27	3.7037037037037033
OSBPL8	0	0	0	0	0	0	0	1	0	1	1	1	27	3.7037037037037033
P2RY2	0	0	0	0	1	0	0	0	0	1	1	1	27	3.7037037037037033
P3H2	0	0	0	1	0	0	0	0	0	1	1	1	27	3.7037037037037033
P4HA3	0	0	0	0	1	0	0	0	0	1	1	1	27	3.7037037037037033
PANK4	0	0	0	0	1	0	0	0	0	1	1	1	27	3.7037037037037033
PARP1	0	0	0	0	1	0	0	0	0	1	1	1	27	3.7037037037037033
PARP4	0	0	0	0	1	0	0	0	0	1	1	1	27	3.7037037037037033
PATJ	1	0	0	0	0	0	0	0	0	1	1	1	27	3.7037037037037033
PCDH10	0	1	0	0	0	0	0	0	0	1	1	1	27	3.7037037037037033
PCDH8	0	0	0	0	1	0	0	0	0	1	1	1	27	3.7037037037037033
PCDHA6	0	0	0	0	1	0	0	0	0	1	1	1	27	3.7037037037037033
PCDHB12	0	0	0	0	1	0	0	0	0	1	1	1	27	3.7037037037037033
PCNX2	0	0	1	0	0	0	0	0	0	1	1	1	27	3.7037037037037033
PCSK6	0	0	0	0	0	1	0	0	0	1	1	1	27	3.7037037037037033
PDCD4	0	0	0	0	0	1	0	0	0	1	1	1	27	3.7037037037037033
PDCD6IP	0	0	0	0	1	0	0	0	0	1	1	1	27	3.7037037037037033
PDCL2	0	0	0	0	1	0	0	0	0	1	1	1	27	3.7037037037037033
PDE10A	0	0	0	0	1	0	0	0	0	1	1	1	27	3.7037037037037033
PDE6C	0	0	1	0	0	0	0	0	0	1	1	1	27	3.7037037037037033
PDPR	0	0	0	0	1	0	0	0	0	1	1	1	27	3.7037037037037033
PHF3	0	1	0	0	0	0	0	0	0	1	1	1	27	3.7037037037037033
PHF8	1	0	0	0	0	0	0	0	0	1	1	1	27	3.7037037037037033
PHLPP1	0	0	1	0	0	0	0	0	0	1	1	1	27	3.7037037037037033
PHOX2B	0	0	1	0	0	0	0	0	0	1	1	1	27	3.7037037037037033
PIK3R1	0	0	0	1	0	0	0	0	0	1	1	1	27	3.7037037037037033
PIP5KL1	0	0	0	0	1	0	0	0	0	1	1	1	27	3.7037037037037033
PKD1L1	0	1	0	0	0	0	0	0	0	1	1	1	27	3.7037037037037033
PLCD3	0	0	0	0	1	0	0	0	0	1	1	1	27	3.7037037037037033
PLCE1	0	0	0	0	1	0	0	0	0	1	1	1	27	3.7037037037037033
PLCG2	0	0	0	0	1	0	0	0	0	1	1	1	27	3.7037037037037033
PLEC	0	0	0	0	1	0	0	0	0	1	1	1	27	3.7037037037037033
PLEKHA5	0	0	0	0	1	0	0	0	0	1	1	1	27	3.7037037037037033
PLEKHH3	1	0	0	0	0	0	0	0	0	1	1	1	27	3.7037037037037033
PLTP	0	0	0	0	1	0	0	0	0	1	1	1	27	3.7037037037037033
PLXNA1	0	0	0	0	1	0	0	0	0	1	1	1	27	3.7037037037037033
PNMA3	0	0	0	0	1	0	0	0	0	1	1	1	27	3.7037037037037033
POMK	0	0	0	0	1	0	0	0	0	1	1	1	27	3.7037037037037033
PORCN	0	0	0	0	0	1	0	0	0	1	1	1	27	3.7037037037037033
POSTN	0	0	0	0	1	0	0	0	0	1	1	1	27	3.7037037037037033
POT1	1	0	0	0	0	0	0	0	0	1	1	1	27	3.7037037037037033
POTEB	0	0	0	0	1	0	0	0	0	1	1	1	27	3.7037037037037033
POU3F2	0	0	1	0	0	0	0	0	0	1	1	1	27	3.7037037037037033
PPFIA3	0	0	0	0	1	0	0	0	0	1	1	1	27	3.7037037037037033
PPIL2	1	0	0	0	0	0	0	0	0	1	1	1	27	3.7037037037037033
PPM1E	1	0	0	0	0	0	0	0	0	1	1	1	27	3.7037037037037033
PPP6R2	0	0	0	0	1	0	0	0	0	1	1	1	27	3.7037037037037033
PRAMEF1	0	0	0	0	1	0	0	0	0	1	1	1	27	3.7037037037037033
PRAMEF12	0	0	0	0	1	0	0	0	0	1	1	1	27	3.7037037037037033
PRAMEF14	0	0	0	0	1	0	0	0	0	1	1	1	27	3.7037037037037033
PRB1	0	0	0	0	1	0	0	0	0	1	1	1	27	3.7037037037037033
PRDM2	0	0	0	0	1	0	0	0	0	1	1	1	27	3.7037037037037033
PRICKLE1	0	0	0	0	1	0	0	0	0	1	1	1	27	3.7037037037037033
PRKAA2	1	0	0	0	0	0	0	0	0	1	1	1	27	3.7037037037037033
PROKR1	0	0	0	0	1	0	0	0	0	1	1	1	27	3.7037037037037033
PRPF8	0	0	0	0	1	0	0	0	0	1	1	1	27	3.7037037037037033
PRPS2	1	0	0	0	0	0	0	0	0	1	1	1	27	3.7037037037037033
PRRG3	0	0	0	0	1	0	0	0	0	1	1	1	27	3.7037037037037033
PRSS12	0	0	0	0	1	0	0	0	0	1	1	1	27	3.7037037037037033
PSG1	0	0	0	0	1	0	0	0	0	1	1	1	27	3.7037037037037033
PSG6	0	0	0	0	1	0	0	0	0	1	1	1	27	3.7037037037037033
PSG7	0	0	0	0	1	0	0	0	0	1	1	1	27	3.7037037037037033
PSIP1	0	0	0	0	1	0	0	0	0	1	1	1	27	3.7037037037037033
PSKH2	0	0	0	0	1	0	0	0	0	1	1	1	27	3.7037037037037033
PSMA2	1	0	0	0	0	0	0	0	0	1	1	1	27	3.7037037037037033
PSMA7	0	0	0	0	1	0	0	0	0	1	1	1	27	3.7037037037037033
PSMB11	0	0	0	0	1	0	0	0	0	1	1	1	27	3.7037037037037033
PSMG1	0	0	1	0	0	0	0	0	0	1	1	1	27	3.7037037037037033
PTCD2	0	0	0	0	1	0	0	0	0	1	1	1	27	3.7037037037037033
PTER	0	0	0	0	1	0	0	0	0	1	1	1	27	3.7037037037037033
PTK2B	0	0	0	0	1	0	0	0	0	1	1	1	27	3.7037037037037033
PTN	1	0	0	0	0	0	0	0	0	1	1	1	27	3.7037037037037033
PTPRB	0	0	0	0	1	0	0	0	0	1	1	1	27	3.7037037037037033
PTPRD	0	0	0	0	1	0	0	0	0	1	1	1	27	3.7037037037037033
PTPRG	1	0	0	0	0	0	0	0	0	1	1	1	27	3.7037037037037033
PTPRN2	0	0	0	0	1	0	0	0	0	1	1	1	27	3.7037037037037033
PTX4	1	0	0	0	0	0	0	0	0	1	1	1	27	3.7037037037037033
PUM1	0	0	0	0	1	0	0	0	0	1	1	1	27	3.7037037037037033
QRICH1	0	0	1	0	0	0	0	0	0	1	1	1	27	3.7037037037037033
RAB33B	0	0	0	0	1	0	0	0	0	1	1	1	27	3.7037037037037033
RAB3IL1	0	0	0	0	1	0	0	0	0	1	1	1	27	3.7037037037037033
RAET1G	0	0	0	0	1	0	0	0	0	1	1	1	27	3.7037037037037033
RALGPS2	0	0	0	0	1	0	0	0	0	1	1	1	27	3.7037037037037033
RANBP10	0	0	1	0	0	0	0	0	0	1	1	1	27	3.7037037037037033
RAPGEF1	0	0	0	0	1	0	0	0	0	1	1	1	27	3.7037037037037033
RAPSN	0	0	0	0	1	0	0	0	0	1	1	1	27	3.7037037037037033
RASGRP1	0	0	0	0	1	0	0	0	0	1	1	1	27	3.7037037037037033
RELB	0	0	0	0	1	0	0	0	0	1	1	1	27	3.7037037037037033
RERE	0	1	0	0	0	0	0	0	0	1	1	1	27	3.7037037037037033
RET	0	0	0	0	1	0	0	0	0	1	1	1	27	3.7037037037037033
RFPL4A	0	0	0	0	1	0	0	0	0	1	1	1	27	3.7037037037037033
RFX5	0	0	0	0	1	0	0	0	0	1	1	1	27	3.7037037037037033
RIMKLB	0	0	0	0	1	0	0	0	0	1	1	1	27	3.7037037037037033
RNF225	0	0	0	0	1	0	0	0	0	1	1	1	27	3.7037037037037033
ROPN1L	0	0	0	0	1	0	0	0	0	1	1	1	27	3.7037037037037033
RPE65	1	0	0	0	0	0	0	0	0	1	1	1	27	3.7037037037037033
RPH3A	0	0	0	0	1	0	0	0	0	1	1	1	27	3.7037037037037033
RPL10	0	0	0	0	1	0	0	0	0	1	1	1	27	3.7037037037037033
RPS10-NUDT3	0	0	0	0	1	0	0	0	0	1	1	1	27	3.7037037037037033
RPUSD4	0	0	0	0	1	0	0	0	0	1	1	1	27	3.7037037037037033
RREB1	0	0	1	0	0	0	0	0	0	1	1	1	27	3.7037037037037033
RSF1	0	0	0	0	1	0	0	0	0	1	1	1	27	3.7037037037037033
RYR2	0	1	0	0	0	0	0	0	0	1	1	1	27	3.7037037037037033
RYR3	0	0	0	0	1	0	0	0	0	1	1	1	27	3.7037037037037033
S100A12	0	0	0	0	1	0	0	0	0	1	1	1	27	3.7037037037037033
SACS	1	0	0	0	0	0	0	0	0	1	1	1	27	3.7037037037037033
SAMD1	0	0	0	0	1	0	0	0	0	1	1	1	27	3.7037037037037033
SCAF1	0	0	1	0	0	0	0	0	0	1	1	1	27	3.7037037037037033
SCIN	0	0	0	0	1	0	0	0	0	1	1	1	27	3.7037037037037033
SCN5A	0	0	0	0	1	0	0	0	0	1	1	1	27	3.7037037037037033
SCN8A	0	0	0	0	1	0	0	0	0	1	1	1	27	3.7037037037037033
SEC63	1	0	0	0	0	0	0	0	0	1	1	1	27	3.7037037037037033
SEMA7A	0	0	0	0	1	0	0	0	0	1	1	1	27	3.7037037037037033
SERBP1	0	0	0	0	0	1	0	0	0	1	1	1	27	3.7037037037037033
SERPINB11	1	0	0	0	0	0	0	0	0	1	1	1	27	3.7037037037037033
SETD1B	1	0	0	0	0	0	0	0	0	1	1	1	27	3.7037037037037033
SFT2D2	0	0	0	0	0	1	0	0	0	1	1	1	27	3.7037037037037033
SGO2	0	0	0	0	1	0	0	0	0	1	1	1	27	3.7037037037037033
SHANK1	0	0	0	0	1	0	0	0	0	1	1	1	27	3.7037037037037033
SIGLEC7	0	0	0	0	1	0	0	0	0	1	1	1	27	3.7037037037037033
SIPA1L2	0	0	1	0	0	0	0	0	0	1	1	1	27	3.7037037037037033
SIRT4	0	0	0	0	1	0	0	0	0	1	1	1	27	3.7037037037037033
SLC16A3	0	0	0	0	1	0	0	0	0	1	1	1	27	3.7037037037037033
SLC22A15	0	0	0	0	1	0	0	0	0	1	1	1	27	3.7037037037037033
SLC22A6	0	0	0	0	1	0	0	0	0	1	1	1	27	3.7037037037037033
SLC23A2	0	0	0	0	0	1	0	0	0	1	1	1	27	3.7037037037037033
SLC24A2	0	0	0	0	1	0	0	0	0	1	1	1	27	3.7037037037037033
SLC25A15	1	0	0	0	0	0	0	0	0	1	1	1	27	3.7037037037037033
SLC25A25	0	0	0	0	1	0	0	0	0	1	1	1	27	3.7037037037037033
SLC25A51	0	0	0	0	1	0	0	0	0	1	1	1	27	3.7037037037037033
SLC26A3	0	0	0	0	0	1	0	0	0	1	1	1	27	3.7037037037037033
SLC27A1	0	0	0	0	1	0	0	0	0	1	1	1	27	3.7037037037037033
SLC35G5	0	0	0	0	1	0	0	0	0	1	1	1	27	3.7037037037037033
SLC38A4	1	0	0	0	0	0	0	0	0	1	1	1	27	3.7037037037037033
SLC41A1	0	0	0	0	1	0	0	0	0	1	1	1	27	3.7037037037037033
SLC46A2	0	0	0	0	1	0	0	0	0	1	1	1	27	3.7037037037037033
SLC6A16	0	0	0	0	1	0	0	0	0	1	1	1	27	3.7037037037037033
SLC7A2	0	0	0	0	1	0	0	0	0	1	1	1	27	3.7037037037037033
SLC8A1	0	0	0	0	1	0	0	0	0	1	1	1	27	3.7037037037037033
SLC8A2	0	0	0	0	1	0	0	0	0	1	1	1	27	3.7037037037037033
SLC9A2	0	0	0	0	1	0	0	0	0	1	1	1	27	3.7037037037037033
SLFN11	0	0	0	0	1	0	0	0	0	1	1	1	27	3.7037037037037033
SLITRK4	0	0	0	0	1	0	0	0	0	1	1	1	27	3.7037037037037033
SLU7	0	0	0	0	0	1	0	0	0	1	1	1	27	3.7037037037037033
SLX4	1	0	0	0	0	0	0	0	0	1	1	1	27	3.7037037037037033
SMARCA2	0	0	0	0	1	0	0	0	0	1	1	1	27	3.7037037037037033
SMARCC2	1	0	0	0	0	0	0	0	0	1	1	1	27	3.7037037037037033
SMCR8	1	0	0	0	0	0	0	0	0	1	1	1	27	3.7037037037037033
SMG5	0	0	0	0	1	0	0	0	0	1	1	1	27	3.7037037037037033
SMG9	0	0	0	0	1	0	0	0	0	1	1	1	27	3.7037037037037033
SNX32	0	0	0	0	1	0	0	0	0	1	1	1	27	3.7037037037037033
SOX1	0	0	1	0	0	0	0	0	0	1	1	1	27	3.7037037037037033
SOX2	0	0	0	0	1	0	0	0	0	1	1	1	27	3.7037037037037033
SOX21	0	0	1	0	0	0	0	0	0	1	1	1	27	3.7037037037037033
SP3	0	0	0	0	0	0	0	1	0	1	1	1	27	3.7037037037037033
SPAG5	0	0	0	0	1	0	0	0	0	1	1	1	27	3.7037037037037033
SPATA31E1	0	0	0	0	1	0	0	0	0	1	1	1	27	3.7037037037037033
SPEF1	0	0	0	0	1	0	0	0	0	1	1	1	27	3.7037037037037033
SPEF2	0	0	0	0	1	0	0	0	0	1	1	1	27	3.7037037037037033
SPO11	0	0	0	0	1	0	0	0	0	1	1	1	27	3.7037037037037033
SRPK3	0	0	0	0	1	0	0	0	0	1	1	1	27	3.7037037037037033
SSTR3	0	0	0	0	1	0	0	0	0	1	1	1	27	3.7037037037037033
SSUH2	1	0	0	0	0	0	0	0	0	1	1	1	27	3.7037037037037033
SSX7	0	0	0	0	1	0	0	0	0	1	1	1	27	3.7037037037037033
ST6GALNAC6	0	0	0	0	1	0	0	0	0	1	1	1	27	3.7037037037037033
ST8SIA2	0	0	0	0	1	0	0	0	0	1	1	1	27	3.7037037037037033
STIL	0	0	0	0	1	0	0	0	0	1	1	1	27	3.7037037037037033
SUMO1	0	0	0	0	1	0	0	0	0	1	1	1	27	3.7037037037037033
SUPT3H	0	0	0	0	1	0	0	0	0	1	1	1	27	3.7037037037037033
SURF4	0	0	0	0	0	0	0	1	0	1	1	1	27	3.7037037037037033
SUSD2	0	0	0	0	1	0	0	0	0	1	1	1	27	3.7037037037037033
SUV39H1	0	0	0	0	1	0	0	0	0	1	1	1	27	3.7037037037037033
SUZ12	0	1	0	0	0	0	0	0	0	1	1	1	27	3.7037037037037033
SVEP1	0	0	0	0	1	0	0	0	0	1	1	1	27	3.7037037037037033
SYBU	0	0	0	0	1	0	0	0	0	1	1	1	27	3.7037037037037033
SYNCRIP	0	0	0	0	1	0	0	0	0	1	1	1	27	3.7037037037037033
TANC1	0	0	0	0	1	0	0	0	0	1	1	1	27	3.7037037037037033
TAOK2	0	0	0	0	1	0	0	0	0	1	1	1	27	3.7037037037037033
TBL1X	0	0	0	0	1	0	0	0	0	1	1	1	27	3.7037037037037033
TBX18	0	0	0	0	1	0	0	0	0	1	1	1	27	3.7037037037037033
TCF4	0	0	0	0	1	0	0	0	0	1	1	1	27	3.7037037037037033
TCP11L2	0	0	0	0	1	0	0	0	0	1	1	1	27	3.7037037037037033
TDRD9	0	0	0	0	1	0	0	0	0	1	1	1	27	3.7037037037037033
TEAD2	1	0	0	0	0	0	0	0	0	1	1	1	27	3.7037037037037033
TENM1	0	0	0	0	1	0	0	0	0	1	1	1	27	3.7037037037037033
TES	1	0	0	0	0	0	0	0	0	1	1	1	27	3.7037037037037033
TGFBR3	0	0	0	0	1	0	0	0	0	1	1	1	27	3.7037037037037033
THRAP3	0	0	0	0	1	0	0	0	0	1	1	1	27	3.7037037037037033
THSD7B	0	0	0	0	1	0	0	0	0	1	1	1	27	3.7037037037037033
TLE2	0	0	0	0	1	0	0	0	0	1	1	1	27	3.7037037037037033
TMC7	0	0	0	0	1	0	0	0	0	1	1	1	27	3.7037037037037033
TMEM164	0	0	0	0	1	0	0	0	0	1	1	1	27	3.7037037037037033
TMEM207	0	0	0	0	1	0	0	0	0	1	1	1	27	3.7037037037037033
TMEM99	1	0	0	0	0	0	0	0	0	1	1	1	27	3.7037037037037033
TMPRSS5	0	0	0	0	0	0	0	1	0	1	1	1	27	3.7037037037037033
TNFRSF25	0	0	0	0	1	0	0	0	0	1	1	1	27	3.7037037037037033
TNPO1	0	0	0	0	1	0	0	0	0	1	1	1	27	3.7037037037037033
TNXB	0	0	0	0	1	0	0	0	0	1	1	1	27	3.7037037037037033
TOM1	0	1	0	0	0	0	0	0	0	1	1	1	27	3.7037037037037033
TPR	0	0	0	0	1	0	0	0	0	1	1	1	27	3.7037037037037033
TRAV1-2	0	0	0	0	1	0	0	0	0	1	1	1	27	3.7037037037037033
TRBV10-2	0	0	0	0	1	0	0	0	0	1	1	1	27	3.7037037037037033
TRBV20OR9-2	0	0	0	0	1	0	0	0	0	1	1	1	27	3.7037037037037033
TRBV6-5	0	0	0	0	0	0	0	1	0	1	1	1	27	3.7037037037037033
TRIM17	0	0	0	0	1	0	0	0	0	1	1	1	27	3.7037037037037033
TRIM24	0	0	0	0	1	0	0	0	0	1	1	1	27	3.7037037037037033
TRIM56	0	0	0	0	1	0	0	0	0	1	1	1	27	3.7037037037037033
TRIM69	1	0	0	0	0	0	0	0	0	1	1	1	27	3.7037037037037033
TRMT11	0	0	0	0	1	0	0	0	0	1	1	1	27	3.7037037037037033
TRPM6	0	0	0	0	1	0	0	0	0	1	1	1	27	3.7037037037037033
TSC2	1	0	0	0	0	0	0	0	0	1	1	1	27	3.7037037037037033
TSHZ2	0	0	0	0	1	0	0	0	0	1	1	1	27	3.7037037037037033
TTC21B	0	0	1	0	0	0	0	0	0	1	1	1	27	3.7037037037037033
TTC27	0	0	0	0	1	0	0	0	0	1	1	1	27	3.7037037037037033
TTC6	0	0	0	0	1	0	0	0	0	1	1	1	27	3.7037037037037033
TTLL12	0	0	0	0	1	0	0	0	0	1	1	1	27	3.7037037037037033
TTLL2	0	0	0	0	1	0	0	0	0	1	1	1	27	3.7037037037037033
TTLL6	0	0	0	0	1	0	0	0	0	1	1	1	27	3.7037037037037033
TYK2	0	0	0	0	1	0	0	0	0	1	1	1	27	3.7037037037037033
UBAP2	0	0	0	0	1	0	0	0	0	1	1	1	27	3.7037037037037033
UBASH3A	0	0	0	0	1	0	0	0	0	1	1	1	27	3.7037037037037033
UBE2M	0	0	0	0	1	0	0	0	0	1	1	1	27	3.7037037037037033
UBN1	0	0	0	0	1	0	0	0	0	1	1	1	27	3.7037037037037033
UBQLNL	0	0	0	0	1	0	0	0	0	1	1	1	27	3.7037037037037033
UGGT2	0	0	0	0	1	0	0	0	0	1	1	1	27	3.7037037037037033
UHRF2	0	0	0	0	1	0	0	0	0	1	1	1	27	3.7037037037037033
UNC5B	0	0	0	0	1	0	0	0	0	1	1	1	27	3.7037037037037033
UNC93A	0	0	0	0	1	0	0	0	0	1	1	1	27	3.7037037037037033
UPF1	0	0	0	0	1	0	0	0	0	1	1	1	27	3.7037037037037033
USF2	0	0	0	0	1	0	0	0	0	1	1	1	27	3.7037037037037033
USO1	0	0	0	0	1	0	0	0	0	1	1	1	27	3.7037037037037033
USP35	0	0	0	0	1	0	0	0	0	1	1	1	27	3.7037037037037033
USP43	0	0	0	0	1	0	0	0	0	1	1	1	27	3.7037037037037033
USP50	1	0	0	0	0	0	0	0	0	1	1	1	27	3.7037037037037033
USP53	0	0	0	0	1	0	0	0	0	1	1	1	27	3.7037037037037033
USP54	0	0	0	0	1	0	0	0	0	1	1	1	27	3.7037037037037033
VCX	0	0	0	0	1	0	0	0	0	1	1	1	27	3.7037037037037033
VGLL2	0	0	0	0	1	0	0	0	0	1	1	1	27	3.7037037037037033
VNN2	1	0	0	0	0	0	0	0	0	1	1	1	27	3.7037037037037033
VPS13B	1	0	0	0	0	0	0	0	0	1	1	1	27	3.7037037037037033
VPS52	0	0	0	0	1	0	0	0	0	1	1	1	27	3.7037037037037033
VSIG10	0	0	0	0	0	0	0	1	0	1	1	1	27	3.7037037037037033
VSIG8	0	0	0	0	1	0	0	0	0	1	1	1	27	3.7037037037037033
WARS2	0	0	0	0	1	0	0	0	0	1	1	1	27	3.7037037037037033
WBP1L	0	0	0	0	1	0	0	0	0	1	1	1	27	3.7037037037037033
WDPCP	0	0	0	0	1	0	0	0	0	1	1	1	27	3.7037037037037033
WDR55	1	0	0	0	0	0	0	0	0	1	1	1	27	3.7037037037037033
WDR66	0	0	0	0	1	0	0	0	0	1	1	1	27	3.7037037037037033
WDR90	0	0	0	0	1	0	0	0	0	1	1	1	27	3.7037037037037033
WNT11	0	0	0	0	1	0	0	0	0	1	1	1	27	3.7037037037037033
WRN	0	0	0	0	1	0	0	0	0	1	1	1	27	3.7037037037037033
WWTR1	1	0	0	0	0	0	0	0	0	1	1	1	27	3.7037037037037033
XCR1	0	0	0	0	1	0	0	0	0	1	1	1	27	3.7037037037037033
XDH	0	0	0	0	1	0	0	0	0	1	1	1	27	3.7037037037037033
YWHAE	0	0	1	0	0	0	0	0	0	1	1	1	27	3.7037037037037033
YY1	0	0	1	0	0	0	0	0	0	1	1	1	27	3.7037037037037033
ZC3H13	0	1	0	0	0	0	0	0	0	1	1	1	27	3.7037037037037033
ZEB2	0	0	0	0	1	0	0	0	0	1	1	1	27	3.7037037037037033
ZFHX2	0	0	0	0	1	0	0	0	0	1	1	1	27	3.7037037037037033
ZFYVE27	0	0	0	0	1	0	0	0	0	1	1	1	27	3.7037037037037033
ZIK1	0	0	0	0	1	0	0	0	0	1	1	1	27	3.7037037037037033
ZMYM1	1	0	0	0	0	0	0	0	0	1	1	1	27	3.7037037037037033
ZNF20	0	0	0	0	1	0	0	0	0	1	1	1	27	3.7037037037037033
ZNF233	0	0	0	0	1	0	0	0	0	1	1	1	27	3.7037037037037033
ZNF248	0	0	0	0	1	0	0	0	0	1	1	1	27	3.7037037037037033
ZNF250	0	0	1	0	0	0	0	0	0	1	1	1	27	3.7037037037037033
ZNF257	0	0	0	0	1	0	0	0	0	1	1	1	27	3.7037037037037033
ZNF283	1	0	0	0	0	0	0	0	0	1	1	1	27	3.7037037037037033
ZNF3	0	0	0	0	0	1	0	0	0	1	1	1	27	3.7037037037037033
ZNF316	0	0	0	0	1	0	0	0	0	1	1	1	27	3.7037037037037033
ZNF317	0	0	0	0	0	1	0	0	0	1	1	1	27	3.7037037037037033
ZNF385C	1	0	0	0	0	0	0	0	0	1	1	1	27	3.7037037037037033
ZNF407	0	0	0	0	1	0	0	0	0	1	1	1	27	3.7037037037037033
ZNF446	0	0	0	0	1	0	0	0	0	1	1	1	27	3.7037037037037033
ZNF449	1	0	0	0	0	0	0	0	0	1	1	1	27	3.7037037037037033
ZNF451	0	0	0	0	1	0	0	0	0	1	1	1	27	3.7037037037037033
ZNF492	0	0	0	0	1	0	0	0	0	1	1	1	27	3.7037037037037033
ZNF536	0	0	0	0	1	0	0	0	0	1	1	1	27	3.7037037037037033
ZNF567	0	0	0	0	1	0	0	0	0	1	1	1	27	3.7037037037037033
ZNF594	0	0	0	1	0	0	0	0	0	1	1	1	27	3.7037037037037033
ZNF619	0	0	0	0	1	0	0	0	0	1	1	1	27	3.7037037037037033
ZNF670	0	0	0	0	1	0	0	0	0	1	1	1	27	3.7037037037037033
ZNF708	0	0	0	0	1	0	0	0	0	1	1	1	27	3.7037037037037033
ZNF746	0	0	1	0	0	0	0	0	0	1	1	1	27	3.7037037037037033
ZNF768	0	0	0	0	1	0	0	0	0	1	1	1	27	3.7037037037037033
ZNF781	0	0	0	0	1	0	0	0	0	1	1	1	27	3.7037037037037033
ZNF808	0	0	0	0	1	0	0	0	0	1	1	1	27	3.7037037037037033
ZNF91	0	0	0	0	1	0	0	0	0	1	1	1	27	3.7037037037037033
ZSCAN1	0	0	0	0	1	0	0	0	0	1	1	1	27	3.7037037037037033
ZSWIM8	0	0	0	0	1	0	0	0	0	1	1	1	27	3.7037037037037033
