Kids_First_Biospecimen_ID	FOXG1_expression_zscore	OLIG2_expression_zscore	TP73_AS1_expression_zscore	EGFR_expression_zscore	EZHIP_expression_zscore
BS_00FD2KMP	1.138228071748142	-1.1316693117074554	-0.9319892199058191	1.1358263667152602	0.12533744691296086
BS_028YFYJ6	-0.8238295393887706	0.14219063662451384	0.15907938329891136	-1.1834471666632542	-0.0583125209315181
BS_052PZFMK	1.3812364880598138	-1.7357112862553274	0.12735937200854913	-0.4786446794267905	-0.35704141311423016
BS_056Q8577	3.214317191899018	-1.0757611178013669	0.5058944377385894	2.3872111820198727	-0.08610397653760905
BS_08ST21QE	-0.8238295393887706	-1.2349487499011582	-1.1669475379452754	-1.2467692109294761	-0.5090253933581063
BS_08TWG4K0	1.1277613379501243	-0.037563406577162034	0.3091698135052412	-1.7667641434658874	-0.5625971724472577
BS_0BBCFXDQ	0.34875107582228	-0.25047542615164914	-0.3568074264817188	-0.837773113767051	-0.5991943479690811
BS_0C00AYTE	0.10520189341392976	-0.27328718194993346	-1.7971140658024056	1.1087586997643084	-0.5267106667941782
BS_0C7VZC0A	1.0114510035722928	0.47208716199020945	-0.18710925586033494	0.1573894310822774	0.29237595712961517
BS_0D5XCM8E	1.5446091655973315	-1.5212493778468925	-1.7578316603951847	0.7130782970086675	-0.544566815083212
BS_0R12SD1M	1.2629239787635818	0.8015369642232711	0.9219948309044376	0.25538973224670786	-0.4063269197658398
BS_0RQ4P069	-0.8238295393887706	-1.7615293014693525	-0.5352265699796639	0.004168149564569811	-0.5991943479690811
BS_0S8E7590	-0.8109885721340735	0.7024903049212909	-0.13003360148065954	0.7213179920084946	1.8036859242783199
BS_0VXZCRJS	-0.7921916717926945	1.0023465452656461	1.348976364146698	-1.4747735873130665	-0.15746793821694774
BS_0XHT9W4Q	-0.08808609203992013	0.16682577699205797	0.17816929848676807	1.5810150593955685	-0.3897519479377474
BS_0Z1XRQ8F	0.1906282660886766	0.1115139219679464	-0.7502176672595344	-0.5710506152996684	-0.5991943479690811
BS_0ZA67BBC	-0.8109885721340735	0.9719405898703055	1.4287849040818987	0.4734051169683068	-0.08610397653760905
BS_12G04QJM	-0.8238295393887706	1.0480737281137689	0.20045037250820355	-1.8814748931314758	-0.5991943479690811
BS_17ZSMXFH	-0.7503418190333078	0.8902186095754665	-0.4701907388402737	0.6014170161933537	2.8910913820171773
BS_1A521KDP	-0.8238295393887706	-1.1350424676846598	-0.9694835460101316	-0.09977555442608035	-0.4063269197658398
BS_1A6MQ9ZA	-0.7860452024926619	0.0805094766926595	-0.8887438105198743	-1.4988085910359574	-0.3897519479377474
BS_1BJNPHMD	1.0709901053288888	0.5052701018635448	0.48881410333653946	-1.5944546805367008	-0.29330761557936663
BS_1D6PZNKN	-0.6102932964114066	0.5675501982412714	-1.342951428648424	-0.9063812003180752	-0.544566815083212
BS_1D93Z575	-0.4721606241605971	1.035191587674396	0.7913783517963138	-1.0127618758963828	-0.5991943479690811
BS_1DNQ1R02	1.6267689879415883	1.0391950502089602	-0.12174257852334626	1.325126976629611	1.579074380499634
BS_1E684SD5	-0.8238295393887706	0.5622482542455223	0.5914445822212199	1.3821431179686814	-0.5090253933581063
BS_1EBQ3T20	-0.694885166123326	0.6837473002171814	-0.5141362871135765	-0.7602431638413746	-0.30903619537485205
BS_1EN5V3XW	1.9248607780426892	-1.7357112862553274	0.42314863714218937	0.8888262064666386	-0.29330761557936663
BS_1N7MQZGR	0.5980671746520454	1.2301255610487924	1.440915178636366	2.527486726465117	-0.4063269197658398
BS_1ZZW5HMJ	-0.35519253879653095	1.0563085538156987	-2.56290127248079	0.026368589809841855	-0.5267106667941782
BS_21ET39G7	-0.8238295393887706	0.7932809106585627	1.124022351529331	-0.17314467711413045	-0.47415460466980514
BS_223BM91B	-0.8238295393887706	0.15561758777414564	0.10406713081792263	-0.35431751738582595	-0.35704141311423016
BS_23QW0BBA	-0.8238295393887706	1.335377276150443	-2.0023897777438413	-0.42855908961047884	-0.21661208859765815
BS_24AK5EEP	-0.8238295393887706	-1.7615293014693525	1.1578151016843057	-0.6691552604614862	3.1803651461503266
BS_25HNKZ79	1.1546925374282124	0.07285347569895571	0.6868223328358478	-0.8764259740040546	-0.5267106667941782
BS_25KYGJ71	-0.8238295393887706	1.042525261682147	0.4628591208570997	0.10046447201086971	-0.47415460466980514
BS_2853394H	-0.8238295393887706	-0.9747576875829304	-1.8490272106433485	1.2141559599522596	0.03579274394477141
BS_297H8BT4	-0.8238295393887706	0.3231741785940676	0.4081963163801228	-0.451246402512906	-0.5991943479690811
BS_29X4ZX6Q	0.2921354455598148	0.171403055700894	-0.21312078745914192	-0.552044403822054	-0.47415460466980514
BS_2A162JH9	-0.8173772706696808	0.28655920911221416	-0.2731829276645812	-0.6969157720784017	-0.29330761557936663
BS_2A5R9D97	0.7328461162156472	0.0589524557569852	-0.14254838644539816	-1.1913995997337925	-0.5991943479690811
BS_2A5R9MEJ	-0.8238295393887706	0.5333995188036498	-2.9809190664443745	0.27680900195579144	-0.1001580136262994
BS_2ARXK0TD	-0.8238295393887706	0.308305031910268	0.4945271189338608	1.4174899495748752	1.9674265383164697
BS_2AV1H5TV	0.2816103652527819	0.3307547925979385	-1.4545818012920042	-0.9432843084350725	-0.5991943479690811
BS_2DMBCHNF	0.44168620417049215	-1.6692726503619013	-0.8659166890534711	-1.3720784432939939	-0.5808051716599426
BS_2EN3X6HB	-0.8238295393887706	-6.725758027756599e-4	-0.6763763873678909	-1.2297098463010712	-0.5991943479690811
BS_2FEZWH1F	-0.8238295393887706	0.25561942459754466	-1.655673520825827	0.2571990407618537	-0.47415460466980514
BS_2GM2G2JS	1.0321579131181566	0.6432962054881118	-1.0579891372422563	-0.1950654079102924	-0.5267106667941782
BS_2GSAPE1R	1.4087620684607454	-1.2949109716487646	0.4541163881076679	-1.1325498130588647	-0.5991943479690811
BS_2HNXVFAS	-0.7860452024926619	0.5920040853990032	1.0532803048929662	0.1890392157772787	0.7001980331169853
BS_2JP7RBMB	-0.8238295393887706	0.6386794742212344	0.17816929848676807	0.15364700469824716	-0.34090072561921275
BS_2K01T8K6	-0.7983969598742171	0.8452233116526024	-0.13836628804482845	0.4191203324687319	1.0264411796082258
BS_2KD2NR56	-0.8238295393887706	-1.7830937398619042	-0.14674105906303764	-0.17642369467004354	-0.5991943479690811
BS_2PDS3MSS	-0.8238295393887706	0.6577625977387996	0.6918932882766955	-0.782644210945615	-0.17207747651842137
BS_2T5PJAW8	0.6653739622249084	0.22909683527478333	-0.22628118302156977	-0.5778794527181108	-0.544566815083212
BS_2WANPFBJ	-0.8238295393887706	0.35017047398116435	0.24413398236585038	0.11775333303691263	-0.37332431114149456
BS_2ZKB9B81	1.2213855552855	-1.2619776137338983	0.3202933894381473	1.2152172263608265	-0.5991943479690811
BS_30F3Z9FS	-0.8173772706696808	1.089785565755661	1.2380361985821673	1.3647828381253455	4.037285318018185
BS_30VC3R2Q	-0.8109885721340735	0.8655189565729908	-0.330805165231385	-0.7646683426608911	-0.3248997860898478
BS_30YWQ3FY	-0.8109885721340735	0.5629427184874323	-1.1983092507677082	1.3909724961058918	1.0340937659914209
BS_31MBRWC4	-0.8046622033583154	0.407384228651923	0.6286792114992261	-0.670453362054014	3.2599157773989114
BS_31XK6FNH	-0.8173772706696808	-1.7830937398619042	-0.1011945939437906	0.41418939836650115	-0.5991943479690811
BS_333KCNDP	-0.7921916717926945	0.04409676174054666	0.3870339362450898	0.7803879919537711	2.475902433016247
BS_37AZY1SH	0.9904562600294169	-0.14932880726330394	-0.7837794615203612	-0.48969809520319824	-0.4063269197658398
BS_399RPKC9	-0.8109885721340735	0.033696022217701585	-0.6167938888194228	-0.10214480341614147	1.461695447773007
BS_3AC3SRWH	-0.27255116191349593	-0.6044996499376077	-1.3045357846099865	-1.7667641434658874	-0.5267106667941782
BS_3JQDQR52	-0.8238295393887706	-1.7830937398619042	0.08227227856607315	0.08275322961930233	-0.5991943479690811
BS_3MS8WVNR	1.3645862415996197	-0.8457845413722267	-0.4933108813692795	0.6209345852281232	-0.5808051716599426
BS_3XYJBBHQ	-0.024578727034233933	-0.772866016731571	-0.48556829390057077	-1.1107621770608131	-0.5808051716599426
BS_3ZPJAK9A	-0.8173772706696808	-1.4785551315494294	-1.9026182670447394	1.6877242581136973	-0.07215600866413967
BS_40MP5BWR	-0.8109885721340735	0.703924314079568	0.35011513177473885	-0.6361955145314082	-0.42305189337729393
BS_45J79YTF	0.25881337281411826	1.0186104294404799	-2.4751452862236225	-0.42855908961047884	0.19878142791248152
BS_49BQS7Z6	-0.8173772706696808	-0.3464033677332742	-0.5010897907260303	0.15155950096479764	-0.5267106667941782
BS_49CJNZ06	-0.8173772706696808	0.03812036920571744	0.5492211631764757	0.11555971700410239	-0.044571959710069844
BS_49FQXT2E	0.6394192831200779	-0.09238593911230132	-0.8789222548359708	1.2712273853744547	-0.5267106667941782
BS_4B0BAVTX	-0.8173772706696808	0.15852158765759955	-0.0668369731989261	0.9893495407766615	-0.34090072561921275
BS_4BM3F6XJ	-0.07979910825054945	0.11010996921082444	0.21063383012420822	0.6567965450988449	-0.5625971724472577
BS_4C6B11E4	-0.8238295393887706	-0.12185942363636318	-0.04103559713820134	-1.1012850545834485	-0.21661208859765815
BS_4FSWWNAK	-0.8238295393887706	0.9540988839928971	0.03968073985010001	0.09731722562950713	-0.42305189337729393
BS_4GNN7J8E	2.0860142457721147	-0.14316669518617098	0.26391395213581076	-0.9781835910002786	1.2770503959974002
BS_4J9RWYRN	0.40570469604202625	-0.919488828563079	-1.579245194467021	-0.6300253534951542	-0.4915077553678289
BS_4KNBXM3C	-0.8046622033583154	-0.6508774844968203	-1.6925825420811658	-0.2591907647747557	0.022638973320694335
BS_4PPHAQXF	1.7696266683362094	0.717364045781599	1.6151405944299884	0.37379372726145865	-0.4569628809685119
BS_4PWDGEB0	-0.11795409257377922	-0.1406656020192296	1.406724253155463	-0.17773946553163247	-0.34090072561921275
BS_4Q3KRCZT	-0.8238295393887706	1.3982351177500802	0.9579611685969375	-0.008233969759935665	2.907791167072318
BS_4QW2S1Q8	-0.8173772706696808	-0.07096803544271407	-1.2919258292640203	-0.009277120365426257	-0.3897519479377474
BS_4SMPV083	1.1878768644956605	0.2752249127891957	-0.5432050992625438	-1.5278951671083632	-0.544566815083212
BS_4T0HQ9QF	-0.8238295393887706	0.34296969959470885	-0.8659166890534711	-0.8120501656776958	-0.1001580136262994
BS_4V42BXBT	1.2823584072898409	0.654312156826681	0.30757462229336463	0.3697822830648321	-0.4063269197658398
BS_51RA1PGE	-0.8109885721340735	-0.2718773793832601	-0.8117535274522428	-0.94139385222509	-0.37332431114149456
BS_52C576HH	1.7399642846910988	-0.7799151222564527	0.028387612407532913	-1.3257162864955192	-0.47415460466980514
BS_52MPKTJH	-0.2865570553361481	-0.2857796339782043	-0.004033684144222293	-0.9338809399596097	0.1867416656508693
BS_58AJ8F56	-0.8238295393887706	0.5958671095869555	1.038967752462392	0.006214698688538346	-0.2316986782623627
BS_58YXHGAJ	2.035276881584821	1.006973895890187	1.7562161320283778	1.6932299007296987	-0.5090253933581063
BS_5965SFPZ	-0.8173772706696808	0.05779412098917226	-0.833842166076672	0.08870518227500938	-0.47415460466980514
BS_596QRYFP	-0.7679478142537387	-0.10367527589177127	-0.4549544803108659	-0.7328273572013152	-0.5090253933581063
BS_59ZJWJTF	0.5286196396785553	-1.6140316721107872	-0.6763763873678909	-0.17511030745262504	-0.5991943479690811
BS_5AK32KGB	1.0186793010446604	-1.7830937398619042	0.8795889915428405	-0.09800368500056261	-0.5808051716599426
BS_5CTVXVRX	-0.8238295393887706	-1.6782863391121585	-1.6504672335446524	-0.8247975630162132	-0.5991943479690811
BS_5EFYPZT0	1.2647385446459198	-1.7776228220886843	0.7503436241535978	-1.4630484334353142	-0.37332431114149456
BS_5G5BD2MD	0.9691674321433589	-0.0043387929152452	0.3423191553232129	-0.45799951430789315	-0.5991943479690811
BS_5GNQC2FF	-0.8238295393887706	-1.7407788124478976	-0.4398569453323248	-0.665274843281156	-0.5991943479690811
BS_5K95FX4C	1.7747162717601723	-0.029803223049769362	-0.6167938888194228	-0.9605239738716036	0.49733119753911514
BS_5KBXD2GQ	-0.7860452024926619	-0.6737900789381678	-0.84659762233414	-0.51127981700936	-0.030932805768457156
BS_5P1TN10Z	1.9250478122684145	-1.5315911755244944	0.5199948725065905	-1.2213283709201574	-0.5808051716599426
BS_5PXZ8F7W	-0.8238295393887706	1.297869043575309	1.1288922555784242	0.5799714572057206	-0.29330761557936663
BS_5Q639PBS	-0.6587073897420208	-0.9287103897920929	-0.6140093354583309	-0.8231918269318086	-0.5991943479690811
BS_5VPM0F36	-0.8046622033583154	0.5232158050110336	1.112275895299998	-0.13305167043985922	-0.30903619537485205
BS_5XNA3Z4D	0.357200024745614	0.5482507318406421	1.0130982552845238	-1.3098515496072232	-0.5090253933581063
BS_5YF9GK7D	-0.8238295393887706	-1.7830937398619042	-0.7776265745466009	-0.0030406126976856656	-0.5991943479690811
BS_62SW4CC5	0.0013626384272478914	-1.5456899659527947	0.3202933894381473	0.6365217031724554	-0.47415460466980514
BS_65WPD3DA	2.0162247097283967	1.2573518387854656	1.4838637959681769	2.125877215780467	4.065637785634733
BS_67V4F080	0.7519620807871559	0.0027557919677634207	-1.8726318958825683	-0.42484594681651144	-0.42305189337729393
BS_68KX6A42	-0.8238295393887706	0.9570439652399464	1.706855226225072	-0.14743313343159214	-0.29330761557936663
BS_6BGES4ZG	1.5036665382477115	-1.538595381069786	-0.9185624166926621	-0.41931164860049946	-0.5267106667941782
BS_6DCSD5Y6	-0.8173772706696808	-0.4567366712755133	-0.18926136665803203	-0.8644424028910809	0.2578310827302979
BS_6H4Q24WA	-0.8173772706696808	1.0873843952764353	0.5450773847513394	1.1135441266817583	1.9160222973393186
BS_6M2053M0	-0.8173772706696808	1.1924993567454336	1.1520707501998984	-0.45994058520165376	-0.5090253933581063
BS_6SY64H5J	-0.8238295393887706	-1.2577318575028533	-1.714048228724574	1.0319142472545635	1.1089257282585063
BS_6VPKXXMR	1.0347465299534628	-1.2309059177173556	-1.409023959500772	-1.6180720635419736	-0.5991943479690811
BS_6VRG1XFB	1.3257180340865407	1.4312838701023283	0.7901858302513066	-0.9451797070198543	-0.35704141311423016
BS_6WP1FHTE	-0.26429057050720933	-0.031391979118428226	-0.7351840090992039	-0.37562973825214024	-0.4063269197658398
BS_7327SDAQ	-0.7679478142537387	0.6398205337647521	-0.3687627856733073	-0.658853281849605	-0.43992960858732216
BS_73AZT1Q3	-0.16316038268861646	1.0499532478493012	-0.741181126438499	0.35192680977765506	-0.5808051716599426
BS_75YRDXET	-0.8238295393887706	-0.12481474455432638	-1.174732534107912	-1.1300963773985373	-0.4915077553678289
BS_77SBTNPN	-0.13790790251033908	-1.7562678000764065	1.0825404696196952	0.4098105474521767	-0.5090253933581063
BS_7AEF4D4G	-0.8173772706696808	0.3615213303878978	-0.4829954444521124	-1.0601073895254032	-0.17207747651842137
BS_7APCGCVF	-0.8238295393887706	-0.7480449021382239	-1.087338596110496	-0.9781835910002786	-0.5625971724472577
BS_7GJT4A6A	-0.8238295393887706	0.31982450861802336	0.10947137613442126	0.30204360502999966	-0.003952808779527801
BS_7GKWKGPH	0.9534617498522638	-1.3596707582995922	-0.3759775953302667	0.27469532831362126	-0.21661208859765815
BS_7PVJ6Q3D	-0.8238295393887706	-0.25047542615164914	-0.0021089002521158424	-0.10155176489985267	-0.4569628809685119
BS_7WKNNRHK	0.9075270858205441	-1.6304455089056584	-0.18066963170155081	-0.7887365959215318	-0.5991943479690811
BS_7WM3MNZ0	-0.8238295393887706	1.081920607594118	1.8002621214982346	0.6673412816315111	-0.30903619537485205
BS_84VZX732	-0.8238295393887706	0.32886941501193134	0.8636883108568716	-1.0382027159057015	-0.5991943479690811
BS_84XCR9GG	1.763177964465243	0.5984756565451735	-0.39293524196039226	2.6394629456976357	-0.5991943479690811
BS_862NMAR7	-0.8173772706696808	1.140147186030661	1.6056838393496604	0.966344806495357	0.4767965754881155
BS_891HPNKY	0.3380326887151588	0.9624399377226802	0.4987990005671047	1.9720049866933829	-0.47415460466980514
BS_89R91NRQ	-0.6389059227301821	1.0610039085654226	1.1711417037907732	1.457570498998823	-0.2316986782623627
BS_8E8JKP01	2.207526772686892	-0.42934796511564105	0.9482292787575567	1.8022756869247298	-0.2777117679971673
BS_8ERBDF7D	1.821996180755224	-1.2577318575028533	1.4034309032409837	-0.31031588553361183	-0.5808051716599426
BS_8G9XDK15	-0.8173772706696808	0.8940746514048462	0.9131569624850041	-1.2671928022246015	2.1305349254366863
BS_8JK9TXH2	-0.8238295393887706	-0.6329393939335265	-0.9286223128874216	-0.6822420696943087	0.6159663777240175
BS_8MA5B8Y9	0.20405416300024282	-1.643085667882204	-1.2919258292640203	-1.3098515496072232	-0.5625971724472577
BS_8PNA0V6R	0.3519323462557871	0.1926772353036705	-2.4751452862236225	0.10404467457420201	-0.201647658894058
BS_8Q7NWJ22	-0.8238295393887706	1.3942371288150956	1.6854409585081922	0.422580909663302	-0.4063269197658398
BS_8V9FTEGM	0.15579456128546754	-0.9104193825163781	-1.4000606882878992	-1.0623347017096327	-0.5991943479690811
BS_8VD670NP	-0.8238295393887706	1.0245041940888016	0.3516699383929784	-0.013989961744063155	-0.4569628809685119
BS_8YWYN7VH	-0.8238295393887706	0.8846196825998016	0.704503243622662	-0.7736005650406486	-0.5991943479690811
BS_8ZD6J47V	-0.8238295393887706	0.752604890828825	-0.7262288056764324	-1.1083812568725335	-0.3248997860898478
BS_8ZE4Z9G5	2.572728471989859	-1.7776228220886843	0.9406203450800431	1.2250798790497428	-0.35704141311423016
BS_8ZS9F31R	-0.8238295393887706	-1.7062494513811293	-1.4180359443833102	-1.0826945604614673	-0.5991943479690811
BS_8ZY4GST0	-0.8109885721340735	1.6426313263207353	-0.4149958928868275	0.6132347300869202	-0.4063269197658398
BS_91JG3WPD	-0.8238295393887706	-1.7830937398619042	-1.6195681816588954	0.23704387617029407	-0.5991943479690811
BS_91VYM11A	-0.7983969598742171	-1.3673607116216766	-0.9694835460101316	0.5743927989976161	-0.4569628809685119
BS_93B03065	-0.2615602605531128	-0.2963499683447289	-0.6505784422515172	-0.5975846182075778	-0.5991943479690811
BS_956G6QPJ	-0.8238295393887706	1.1572861116265574	1.0573470172608217	0.22844632269283113	-0.4569628809685119
BS_96BNRT9G	0.5245794542965826	1.0504936141824892	0.9329763355224161	0.3554070193858496	-0.5090253933581063
BS_97M1E2DW	-0.7860452024926619	0.6776470876841345	-0.15515834179136467	0.3490668867564144	0.2578310827302979
BS_97PS4DTQ	-0.8238295393887706	-1.7830937398619042	-0.18281339559013932	0.21554716266442825	-0.5991943479690811
BS_989GRHJC	-0.024578727034233933	-1.7830937398619042	0.5478410539525179	-0.04074537971235698	-0.5991943479690811
BS_9A1YTHFF	-0.7679478142537387	0.2894834666920634	1.1568590906247516	1.3305743280790756	3.5280405182879333
BS_9B0A62MT	-0.8238295393887706	-0.5231617475378854	-0.1196762840044265	0.5084836553259966	3.010190074757069
BS_9CA93S6D	-0.8046622033583154	-0.1785400374954735	-0.8986238862452389	0.3679233344931672	0.7364363896937158
BS_9FHEFJNP	1.0909227632208205	-1.3830710004001898	0.9740551267373607	1.3133504921374113	-0.5991943479690811
BS_9FX3YREK	-0.8173772706696808	0.6480726875527076	0.9197897758762209	0.7640475064578791	0.8495317206597582
BS_9GJ3DB1H	1.4489513629347048	0.8561890605279411	0.5561045318688633	1.2651334942287709	3.9225175968229067
BS_9JPQZQNG	2.1069024614576066	-1.2598506373878935	0.08592470545435592	0.07489544005607728	-0.5991943479690811
BS_9TXEDSWB	-0.8238295393887706	-0.7038425148844742	-0.9185624166926621	-0.9624650447653643	-0.1001580136262994
BS_9XKZY5PR	-0.8173772706696808	-1.7830937398619042	1.0358846382115638	0.36450283275771084	-0.5991943479690811
BS_9XVACXP0	1.472297234604985	-1.6874502629066626	-0.7084621949618175	-1.603809514147159	-0.35704141311423016
BS_9Y1K14Q5	1.7320799450946809	-0.05674249329011811	-0.04497900241372	1.0038172279955904	-0.5991943479690811
BS_9ZJT0CP0	-0.8238295393887706	0.198991921446126	-0.5864179977693131	-0.06682894962553505	0.23443713781491504
BS_A0DYVX9J	0.45895492680839567	0.248424999497739	-3.477393666868118	-1.180815622773131	-0.5267106667941782
BS_A4PF49V0	-0.8238295393887706	0.8803502821698951	0.8739276643063214	-0.36361780236106683	-0.15746793821694774
BS_A6NXR7RC	-0.6895916864734004	-0.29012894630640124	0.3976488860360023	0.4283120821631412	-0.4569628809685119
BS_A7Q8G0Y1	-0.8046622033583154	0.30891737488453425	0.3870339362450898	0.44132433903439744	0.39229742498389664
BS_A7Y1Y314	0.23009973861158234	0.42381612350409986	0.15383467316954536	0.386301746902928	0.11280792793166926
BS_A8XW5S0W	-0.7110299251148972	1.1286375802724113	0.5185902124167799	-0.7573079794850297	2.3677957706391446
BS_AB5PEQTJ	0.27330442627096063	1.236663417578299	-0.07888207073968348	0.7810901610602214	4.534035931497392
BS_AD3RMC6F	0.5922514616234499	-0.6077320090400447	-1.7971140658024056	-1.4553357059532512	-0.5267106667941782
BS_AE3P2DP2	1.0568775209763936	0.015633779279357204	-0.19789785043586905	-0.35263930009539	-0.5991943479690811
BS_AF828R76	-0.8173772706696808	-1.1006160930891218	-0.6336001252864947	-0.9489854351591667	0.2226281713039489
BS_ANFSJE8Y	1.7327092005114484	-1.2349487499011582	-0.6029176477022098	0.27257547433036994	-0.5090253933581063
BS_AP6MTYBF	-0.8238295393887706	0.977918567265985	0.9307858449306046	-0.5154644724700452	0.39229742498389664
BS_AWH9757B	0.9424923021537274	0.6025807111615485	-0.9798581437950056	0.8385802176256785	-0.34090072561921275
BS_AYSXRQWY	-0.4912902608418312	0.5899522323455386	0.1816167033394249	1.338831980827503	-0.35704141311423016
BS_AZQM1JJH	-0.7561575320619032	0.49113015716641195	0.7709879181367637	1.3190538173751243	4.068597108878587
BS_B1C6GZ84	-0.8173772706696808	0.8065109686520774	-0.14254838644539816	-0.217669652689929	-0.21661208859765815
BS_B1HF89ES	-0.8238295393887706	1.3722440636233175	0.9665640472284825	0.6479959859019497	-0.5991943479690811
BS_B3MQFFYP	-0.8238295393887706	-0.4050500531017461	-0.9868107792925298	-0.714649232102408	-0.5625971724472577
BS_B4R7X1KE	2.1373956726998005	-1.6692726503619013	1.272282874097096	1.6129003821690295	-0.15746793821694774
BS_B57327NA	-0.4951848530661156	0.2885951205326649	0.1112688843178799	0.9733770303264283	-0.5625971724472577
BS_BBAEMXRD	1.7532611901036717	-0.9747576875829304	1.392682117271781	0.6463075087585698	-0.544566815083212
BS_BBQ6BHGN	-0.8238295393887706	0.8714027814050554	0.33134284294392546	0.7260658121577055	-0.5991943479690811
BS_BEDVWFPR	1.6194704303242224	0.17703268883984397	-0.10528387132293286	0.28346193507985223	-0.42305189337729393
BS_BFFK7M53	-0.8238295393887706	-1.7830937398619042	0.4320557371812327	0.1324964514654802	-0.5991943479690811
BS_BK0HGRXM	-0.6895916864734004	0.5086851606672462	0.11485806566909938	2.043359220224958	5.1598055630524815
BS_BKTREQVQ	-0.8238295393887706	1.0180040815910278	0.9942191010272572	1.007421586854372	1.9065204924964365
BS_BMMY0H73	-0.8046622033583154	0.48334242072856326	1.429596355596435	-0.048968411675077914	-0.29330761557936663
BS_BWBDH9GM	-0.8238295393887706	0.2460972694873401	-0.41993837385405614	-0.7243807815154384	-0.29330761557936663
BS_BWQDXTYM	-0.673965685634371	-1.1401413236985871	-0.559278257131139	2.2494373445924754	-0.2622464311293962
BS_BYCX6VK1	1.5388676644661208	0.5715123523590496	1.2298204866301188	-1.1300963773985373	-0.4915077553678289
BS_BYZBK75T	-0.8046622033583154	-0.62151933049231	-0.40515490770088336	-0.33443084301031795	0.03579274394477141
BS_C3NW374Q	0.5554449005314103	-1.6920901444484737	-0.6648610554175384	-0.8443490277463864	-0.5991943479690811
BS_C41DJZ1F	-0.3743598748269862	0.14368044765130292	0.3763505969825334	-1.019038880871484	0.2226281713039489
BS_C6ZZ3FY5	1.6203685574152962	-1.192033005380773	-0.5836839474601226	0.043555059431250744	-0.5267106667941782
BS_C83TK159	-0.7921916717926945	1.1047829862815555	0.9373486548305314	0.38478788219387505	0.12533744691296086
BS_CBDQZ8PP	1.5050975957247352	0.3557065964314632	1.3049621965061462	1.3013795513943076	-0.2469094387855071
BS_CF63VG3S	-0.8173772706696808	1.5123851843807754	0.9042717375452827	-0.03639760328929841	3.1635532319089035
BS_CFD3WHAY	0.8061448429362987	0.9241863800184177	0.7157707918705588	-0.49886885123345237	-0.5991943479690811
BS_CG1RG607	-0.8173772706696808	-1.6516768223563247	-0.7055195124914653	0.4620515810933281	1.5904124342877328
BS_CS091RPM	0.8488145815756712	-1.7722058058595263	-0.9185624166926621	0.943848798598108	-0.5991943479690811
BS_CVEDJGHZ	-0.24276336021173378	-0.28074854149074885	0.83142208652258	0.828953794390823	3.407313906726737
BS_CX2EPMNP	-0.8238295393887706	0.961618972496529	0.44679539989403555	-0.15250301105552033	-0.5090253933581063
BS_CXAQDK7S	-0.8238295393887706	0.4529263477361841	0.6088361210556137	1.7676129555275175	-0.42305189337729393
BS_CXVGG342	1.652753915187624	-1.1333533029159448	-0.2664009094707455	-0.782644210945615	-0.5991943479690811
BS_CZPQ493E	0.06035307477539203	-0.7915662429814219	-1.098479967051498	0.24038057646652974	0.348553442636887
BS_D29RPBSZ	-0.8238295393887706	0.0265830808469268	-0.0849375898377589	-0.3048026304798024	0.03579274394477141
BS_D2MXJVAW	-0.8109885721340735	1.2296899852636964	0.8975764344914726	1.000583837809802	-0.044571959710069844
BS_D4VNDNQA	1.061851938349205	-0.15328641704799187	-0.017570095126653498	-0.861054595110802	-0.47415460466980514
BS_D6J2BGDJ	0.08156205845388793	1.161560041705299	1.136654475191511	0.5593030409554564	0.40307353114780103
BS_D7XRFE0R	-0.8238295393887706	0.940608446996792	1.829201793848421	0.34842981330088746	0.348553442636887
BS_DB75RPCD	-0.0756949954612106	-1.7562678000764065	1.1327779073549502	-0.29933098529461494	-0.5991943479690811
BS_DDR2A5JK	-0.8238295393887706	0.5441965014148127	0.28831166254946017	-0.7428077052149047	-0.4063269197658398
BS_DFGS950G	-0.248078534692826	0.6030110446297174	-0.9185624166926621	-0.9099881209207966	-0.47415460466980514
BS_DK87G2MP	-0.8238295393887706	1.0571566822378553	-0.15938306034889926	0.9844621007142799	1.9160222973393186
BS_DNZVP92S	-0.7561575320619032	-1.3830710004001898	-0.5565885547784453	0.4240179558141629	-0.43992960858732216
BS_DQJ933JK	-0.8238295393887706	1.139553075000616	-3.574015236563122	0.6239917745897917	-0.5625971724472577
BS_DR079H0D	-0.8238295393887706	0.6356475418413053	0.668950861989285	1.4097908731947213	3.818858823406022
BS_DRY58DTF	-0.8173772706696808	-1.7615293014693525	-0.4027037599716829	-0.4541328942319515	-0.5808051716599426
BS_DS438CXE	0.024555810903342024	-0.18994506573885225	0.02649792429776422	0.9203428050693994	-0.5808051716599426
BS_DSPVSM7D	-0.8238295393887706	0.17250223039178644	0.23582217981547088	2.720992775331449	0.12533744691296086
BS_DVQ6Q5C1	-0.8238295393887706	-1.7830937398619042	0.09320551248356466	0.16481682206780057	-0.5991943479690811
BS_DXXVE0V1	-0.8238295393887706	-1.7830937398619042	0.8232564647045965	-0.34929447503556826	-0.5991943479690811
BS_DZNXFPH1	-0.8238295393887706	-0.5942819770348166	0.21063383012420822	0.032307103934205106	-0.2777117679971673
BS_E60JZ9Z3	-0.8109885721340735	0.2313565772679566	0.45849351639552716	-0.2915852968129845	-0.5090253933581063
BS_E6FN2ENH	1.579465380106679	-1.4691562240489071	-0.03121791815178248	-1.6132866366245238	-0.5267106667941782
BS_E7HGJS7W	-0.6389059227301821	-0.13845191931168938	-1.3386388094766537	-1.6132866366245238	-0.5991943479690811
BS_E7NVYA6G	-0.4721606241605971	-1.517844892048331	-1.0149165561577729	0.6685718158093695	-0.044571959710069844
BS_E9CYN4NP	1.5116754624865338	-0.8025447647918579	-0.39537198176239774	1.4448296816563158	-0.544566815083212
BS_E9G2SWSR	1.4747360685312476	0.5902458234350205	1.3014601864677127	-1.2269052410791488	-0.2316986782623627
BS_EB0XRBT9	-0.21682199475025196	0.8538770681953478	0.42165945775439173	0.1770291750483634	0.547691179204069
BS_ECNBQ2RA	0.6852882338756663	-0.34278742170971915	-0.3663648081955827	-1.7378762763287363	-0.12859083553099973
BS_ED8G98XT	1.3150271363046417	0.314761426712095	0.06942505552145876	-1.3004967159967653	-0.29330761557936663
BS_EDJ5TV0P	-0.4991029777124634	-0.8203885704025478	-0.279992798167324	-1.1203648279855072	-0.4915077553678289
BS_EMQM7HTA	-0.8109885721340735	1.500434156186787	1.3633919084397021	-0.49274214255450516	-0.15746793821694774
BS_EN5WR747	0.6959547638388441	0.1737557452117694	-0.32144998590742924	-0.9489854351591667	-0.5625971724472577
BS_ENEYB4TG	-0.8173772706696808	0.7973237428423651	0.3423191553232129	0.6183038370893353	0.635019092562391
BS_ENX83H9Z	-0.1918786251088405	0.013124123953217312	-3.2579283395506224	-0.17642369467004354	-0.5991943479690811
BS_EXPJQZTH	1.1638300440422922	-1.6692726503619013	-0.22628118302156977	-0.17053209934729602	-0.5991943479690811
BS_EZ3147MX	-0.7860452024926619	1.6035840054001091	2.0147767094285247	1.4077978242650515	-0.2316986782623627
BS_F0JB4EAK	-0.8238295393887706	0.7585260738044382	0.7588753651053167	0.4136070774149225	2.1804865330041006
BS_F21R36MM	-0.8173772706696808	-0.9798369172355155	-0.6477366229837841	0.16563741020943865	0.022638973320694335
BS_F5JCJM6S	-0.8109885721340735	0.83257242017714	0.3485588659290512	-0.7646683426608911	-0.43992960858732216
BS_F65GWS21	-0.8238295393887706	1.0049067613050537	0.6048388484002851	-1.3652709797031668	1.6515580616745367
BS_F9Y4Z92G	1.038059639008568	0.4264911829107724	-0.24621971346899357	1.507244458612564	-0.18680342671063901
BS_FCDAH728	-0.8173772706696808	1.218171919255792	1.898498655463219	0.26116369643043585	-0.3248997860898478
BS_FCX6DZ0J	0.5326348082724192	-0.3030145675174186	0.17816929848676807	-1.392892969915787	-0.5808051716599426
BS_FEV5A0HN	1.0033669565874874	0.9128777430946295	0.7145226163228294	-0.8992207515363487	0.11280792793166926
BS_FGJH1X0S	1.7324575716157442	-1.7458934790957426	0.29475754486214983	-0.2395657893375824	-0.34090072561921275
BS_FH4TA0XM	-0.8238295393887706	-1.6737610238565257	0.2038518119303715	-0.13057941042865834	-0.5991943479690811
BS_FKASA3MN	1.8036536767085982	-1.6473644653499862	0.08044304381149693	-0.3443059951769865	-0.21661208859765815
BS_FN07P04C	0.9752638197869579	0.6092842097338932	0.8487856078669735	-1.4866914920571048	0.44556039014119175
BS_FQ5VYCBD	1.5045613192039475	0.31741933111784065	0.9120489095624741	-0.4239206249988274	-0.4063269197658398
BS_FX2P2WEG	1.4073093126626255	0.45264368675844147	0.6791867039783481	-0.4110886166377785	0.2461711262553644
BS_FXJY0MNH	-0.8238295393887706	0.6157668797798869	1.3557757632661498	0.20552588232608904	-0.29330761557936663
BS_FYP2B298	2.1632894654583295	-1.4075115885060918	0.5030599051904806	1.4460928522230152	-0.4063269197658398
BS_FYRDYBMZ	1.3078006760460938	-0.12293224875676442	-1.4270971753292987	-1.421609180950387	-0.30903619537485205
BS_G19QZG4S	-0.8238295393887706	0.5990536568084038	0.4111975862254522	-0.7105182263629013	-0.35704141311423016
BS_G1E5DATJ	0.06366148836077057	0.9395987426450937	0.674076681022582	3.0433686192296467	5.570885312229751
BS_G257VSS9	1.7080962538344464	-1.5077561190874649	0.6154769034069151	0.9410398468248746	-0.5991943479690811
BS_G2W3D5M2	-0.8238295393887706	0.9600482631307969	1.2713906485512945	-1.0804039122818212	-0.43992960858732216
BS_G3NN392N	-0.8238295393887706	-0.32894721271200333	-2.581023869662135	-1.2821415698871539	-0.34090072561921275
BS_G3RJTBZD	-0.8173772706696808	-0.006506866307183127	-0.6167938888194228	-0.081095241239883	-0.29330761557936663
BS_G5NHSFD4	1.773772388542433	-1.5044339174404728	1.0522620665208637	1.5263242320146224	-0.017393573265644887
BS_G8TXTX0H	-0.8238295393887706	1.4901203012453672	1.0338260393911585	-0.9063812003180752	-0.47415460466980514
BS_G97WTXW8	1.5917750506040065	-0.7348154470763403	1.0614037804753325	1.2838777588080819	-0.5991943479690811
BS_GC2J7SWH	0.7732982141124526	1.4364727061016886	1.4641183716953867	0.34138480644825386	-0.5090253933581063
BS_GF8MHY11	-0.8238295393887706	0.9529998824695249	-1.4000606882878992	-0.5620444181689936	-0.5991943479690811
BS_GG9W3J9Y	1.5757905406324266	-1.6874502629066626	-0.15938306034889926	1.8512473106587994	-0.544566815083212
BS_GGXGNP9S	-0.8238295393887706	0.9480461480126782	0.13091393100497756	0.4385153872611641	-0.2622464311293962
BS_GJ1AJVVV	-0.7983969598742171	-1.1645819118044893	-1.3386388094766537	-1.2851686705093255	-0.43992960858732216
BS_GNY82SA4	-0.8238295393887706	-0.7455400107908539	-1.3343373773970097	-1.2701579987741798	-0.5991943479690811
BS_GW0GKWMS	-0.8238295393887706	0.509535621315949	-0.01369126028929097	0.046943998370165926	-0.11431974553573607
BS_GWHYM3R4	-0.8173772706696808	-0.19665774589594898	-1.8666991484560107	-0.7285917684504296	-0.2469094387855071
BS_GWSJ4Z9H	0.31380941648932986	1.0559940998753217	1.0563312738067856	-0.11049868485084208	-0.43992960858732216
BS_GXTFW99H	-0.7921916717926945	-1.7306900394870315	-0.7232544530639468	0.13805523074455314	-0.5991943479690811
BS_GZFRDTV7	-0.5828900221304318	0.10125309760926383	-0.4549544803108659	-1.3585268422726398	-0.544566815083212
BS_H08FEN68	1.0973214157457303	0.3063409389093479	1.5394511620173996	0.9403359050803396	3.4920374906480625
BS_H0QWRJE2	-0.8238295393887706	-1.7257142344890626	-1.5693158166726782	-0.8938964469767552	-0.43992960858732216
BS_H1XPVS9A	1.3989448283367714	0.36185492693959953	-0.039067405646757196	-1.4591818133593726	-0.42305189337729393
BS_H1ZS5FMZ	0.8869976578997758	0.43686919866953394	-0.337856350074114	0.11159440422514753	-0.2622464311293962
BS_H498QV3J	-0.0756949954612106	1.1047829862815555	-1.6043319231294877	-0.5999384824368195	-0.5808051716599426
BS_H5VQJR7X	-0.8238295393887706	0.28220770320664357	-0.6140093354583309	-0.7646683426608911	-0.5267106667941782
BS_H97S5SQN	-0.7860452024926619	1.2147891070993835	1.9413517339337896	1.7588755815286352	-0.34090072561921275
BS_H9JYKFTV	1.1617094471546394	-0.4397580001746225	0.1255792310572687	-0.3869647425596081	-0.47415460466980514
BS_HDHXX8Q7	-0.8238295393887706	0.897987697274852	-0.22408051761978265	-0.18236356031478826	-0.42305189337729393
BS_HDPCQETG	0.21459825964640525	-1.1006160930891218	-0.6336001252864947	-0.12077382331069017	-0.5808051716599426
BS_HE0WJRW6	1.9155345015028478	-1.7407788124478976	0.754005461056224	0.5778844876175755	-0.5625971724472577
BS_HFZPE6ZA	-0.8238295393887706	-1.7830937398619042	-3.574015236563122	-0.1957401306632624	-0.5991943479690811
BS_HJRTC9JQ	0.2921354455598148	0.20626854684038773	-0.8086218907577672	-0.5154644724700452	-0.3897519479377474
BS_HKZZ9XW5	-0.8238295393887706	1.0439739010335491	1.6735791703601286	0.28276449438562473	-0.4915077553678289
BS_HMJD6DTA	1.9977670118789772	-1.7722058058595263	1.0563312738067856	-0.466775554102505	-0.5991943479690811
BS_HRJ9145M	0.9864926312087466	-1.5315911755244944	-2.034840933501432	-0.42484594681651144	-0.29330761557936663
BS_HWGWYCY7	1.3636979570003105	-1.7562678000764065	0.049033280925626074	0.2066892784769005	-0.5991943479690811
BS_HZ9AYDCQ	-0.8046622033583154	0.5910523915195698	0.20894092427337346	2.5545985201915222	0.9158382754141464
BS_J122QS4Y	-0.8238295393887706	1.1890531071941945	-2.122311980993939	-0.9470800738897015	0.9955099643534913
BS_J3J27QY7	0.9243708290946223	1.2986585970843625	-2.2817378398652615	0.9015680027270622	-0.42305189337729393
BS_J4JY2F3H	-0.8109885721340735	0.4862757635672216	-0.5565885547784453	-0.9644113265939495	-0.3897519479377474
BS_J6212Y48	-0.7679478142537387	0.1578775785652148	1.0317648817151268	0.5196414621316304	0.03579274394477141
BS_J6W1RB7A	-0.6895916864734004	0.2980392328287956	-0.41746529190889325	-0.8345073895706001	-0.43992960858732216
BS_J6X027VF	0.6116739748026406	-0.3935117844842445	-0.03121791815178248	-0.5303039578566124	-0.544566815083212
BS_J9CBGP57	-0.15617524164948632	0.4404460798367739	0.6560665614493424	0.88761536769543	-0.0583125209315181
BS_JB43XBCQ	-0.8238295393887706	0.907711970983797	0.8556804250225802	-0.9432843084350725	-0.4063269197658398
BS_JDSNFYQ0	-0.8238295393887706	-0.5611353056956931	-1.3300470745201727	-0.7995230368013317	-0.5991943479690811
BS_JJVH7WR0	1.8997835174447475	-1.2926529697082203	0.6194486445557226	0.3585564141983302	-0.43992960858732216
BS_JMD386Z2	1.2172208161388087	-0.7816916107155321	-0.08898692307562094	0.4755476809089001	-0.4569628809685119
BS_JP95KMRD	-0.8238295393887706	1.2334839300742877	0.6830089134391027	1.213286494072628	2.0704986541860264
BS_JQGJQ2QZ	-0.7983969598742171	1.31325165851466	1.1405220014622282	1.1418251324057462	4.694649831478118
BS_JQVAWTTM	-0.8238295393887706	0.5816673799946873	0.19874703272117467	-0.8712658842795012	-0.4915077553678289
BS_JQXHHK0K	0.783708666240154	-1.0073010726466634	-0.0768684686259876	-0.47071037812095573	0.37055485689760886
BS_JRYJGYC4	0.357200024745614	-1.08187032176225	-0.9833308176021588	-0.5928996936932597	-0.201647658894058
BS_JS95PE0J	1.1296769897306167	-0.5854946692243559	-0.14884137743993048	0.32511416068733	-0.37332431114149456
BS_JTWNJ8T7	1.087869642799051	0.704282232742373	0.25899103569403326	-0.07994354990040857	1.0110402823914626
BS_JVW2JJ39	1.4375506557957967	0.5484882875582121	0.8464809499047885	-0.4229964826866481	0.5870138748230124
BS_K0X3PZGN	1.8035409130084457	-1.7615293014693525	0.1936264898867283	1.3162916302308743	-0.2777117679971673
BS_K17VQECG	-0.7679478142537387	-0.4435928732605809	-0.7472000119465214	1.7475377064835595	2.422639467858952
BS_K2N1WEZ7	-0.8238295393887706	0.3445780412757616	-0.1572693556179985	-1.1131509421403265	-0.5090253933581063
BS_K2PCC777	-0.7503418190333078	0.5010575392681293	-0.1279569560785457	0.95470088849037	1.2568524138521666
BS_K74N1BXQ	-0.779956447371484	1.4040946208823664	0.7454485618921598	0.8915432223102706	1.7680956117456588
BS_K81PZXP2	-0.8238295393887706	0.12003577919514237	0.42612298975467505	-0.610626482576616	-0.5991943479690811
BS_K88T8SW7	-0.8238295393887706	-1.7830937398619042	-0.4273798274954626	0.9002294228183023	-0.4915077553678289
BS_KABQQA0T	-0.8109885721340735	1.2586152987941472	2.3905976796738657	1.2177195158738814	1.2970300173021962
BS_KB7WDWY8	1.420675600918048	-0.5974546500029813	0.09138830557636547	-1.2612985458087138	-0.5625971724472577
BS_KBEX4RT2	-0.8173772706696808	1.7724984299217414	1.5836524992740773	-0.04292908481433606	0.348553442636887
BS_KD8KG8G4	-0.6895916864734004	1.333405700036023	0.11843949500272777	-1.2269052410791488	-0.5991943479690811
BS_KDHG76E1	1.015645622266575	0.5141055146067843	1.155902528073354	0.9268294831090992	-0.4063269197658398
BS_KECDJ3VZ	-0.8238295393887706	0.9164975527649322	-0.5036908910819163	-0.402059987552841	-0.34090072561921275
BS_KFD5128N	0.32932856264308924	0.08915669086100456	0.2038518119303715	0.11819126089422582	-0.29330761557936663
BS_KFSQ144Y	1.2810975714734114	1.973411744705422	1.6916865445616314	0.1260290620496326	-0.5808051716599426
BS_KKDTW11T	1.4305726736353983	-1.3647854249474372	-0.039067405646757196	-0.8938964469767552	0.899483328227173
BS_KP735TJ6	1.1416797732044108	-1.3992434221748213	-0.5891565634402718	-1.7492936704931867	-0.34090072561921275
BS_KRS4EV4X	-0.8173772706696808	-0.7210994226849518	-0.7837794615203612	4.350156704072427	-0.08610397653760905
BS_KS8HMGA6	-0.8238295393887706	0.802485494108085	0.15032896121499537	1.2649534844089168	1.1878855690780086
BS_KVPWHDR4	-0.8046622033583154	1.0064234194537285	-2.3516489443051896	0.6018664827581143	-0.4915077553678289
BS_M051GD1M	0.1906282660886766	1.866358288095776	0.34388128557238834	0.42688353087188713	-0.5808051716599426
BS_M0FA190Y	-0.7002222139968773	1.3450561162374322	0.7429956011832092	1.364390548983293	0.9076788936354332
BS_M0QYNVK8	0.5398000486478255	0.07228907253586582	0.1729847154089559	1.5345007751840272	-0.2622464311293962
BS_M0XGZ53Z	-0.7679478142537387	0.363187292776802	-0.13003360148065954	-0.10095921109021055	-0.08610397653760905
BS_M1PVEHCM	1.1369683381686708	-0.4641768754678153	-0.9489270703104182	-0.598760595019738	-0.29330761557936663
BS_M54TWTH4	1.4831080524237006	0.23346668360520328	-2.7236505162083597	1.7033309975631552	-0.2469094387855071
BS_M7HCF7DW	1.662358630232769	-1.4913422822925937	-0.3808049674059243	-0.6324871200226023	-0.5808051716599426
BS_M7XB258E	-0.6688395905119865	-0.26349364338267023	-0.9152226348247499	-0.6743616709569551	-0.5991943479690811
BS_M85CXHDV	1.115169725690268	-1.2837125662229518	-1.2383643658942427	-1.0086071966423436	-0.5991943479690811
BS_M8EA6R2A	-0.8173772706696808	0.6087168703828837	0.06388848564710577	-1.1729778216177242	-0.2316986782623627
BS_MB7WN0ZB	-0.8173772706696808	0.9233462534901312	0.03216054039899347	-0.8798865511986247	-0.34090072561921275
BS_MD0937XT	-0.8173772706696808	0.21082288248457315	0.6220911967275163	2.639949461460713	-0.4569628809685119
BS_MDBT7S5Z	-0.8173772706696808	0.5413165854471765	-0.6938007277677248	-0.37822982309186953	-0.2316986782623627
BS_ME6VQGG4	1.4112449597753756	-1.4978491357462949	-0.2822689840248913	0.25284909043754356	-0.5808051716599426
BS_MFGZH8FK	-0.8238295393887706	0.4208284905429613	0.5519779404313301	1.2167581186427727	3.5884475891620817
BS_MG78HQDM	1.323357464839365	0.6105585868941233	0.09320551248356466	-0.25258990388850916	-0.2622464311293962
BS_MJ3ZTWB7	-0.8238295393887706	-1.7776228220886843	-0.03513801722777639	0.5281473031609729	-0.5625971724472577
BS_MKM0EEN1	-0.8238295393887706	-0.147922250600175	-1.1059493541717316	-0.21697421901959024	-0.35704141311423016
BS_MN5XVP5A	-0.8046622033583154	1.1555304508528341	-0.762343506573532	-1.7266359031749898	-0.017393573265644887
BS_MVPJFHPG	0.2551394385890685	-1.6782863391121585	-0.4549544803108659	0.6348062583123784	2.3491468034045884
BS_MWWZBQ60	-0.8109885721340735	0.5065532359342626	-0.40515490770088336	0.2848548068737813	-0.2469094387855071
BS_MX23ZY0Y	-0.8173772706696808	0.5392272245298256	-0.5918996594121717	-0.39314241453397364	-0.5090253933581063
BS_N5NA83D2	2.018657303513184	-0.22889796634499462	0.7685724754126976	1.8097019119172968	1.041714795227742
BS_N6TQBQ8M	-0.7983969598742171	1.5740857149130791	-0.23069129502764152	-0.33852915548266654	-0.5625971724472577
BS_N7SW36FD	-0.39411107652690536	0.38769537869319615	0.030275149477439506	-0.15123221398038605	0.13778259138920915
BS_N7VQ1GQB	-0.8238295393887706	1.2268387738403923	0.5115490080497019	-1.440152123860877	-0.5090253933581063
BS_NB9XXBW6	-0.8238295393887706	1.1864789798321385	0.5779412410126712	0.5244070220581063	-0.34090072561921275
BS_NEFAASTR	0.478392142849176	-0.1653330926800112	0.36405618561594777	1.2849293575115996	0.789495449409099
BS_NEVYM2FP	-0.8109885721340735	1.3344302853897065	1.2132659284657277	1.155248312312604	-0.3897519479377474
BS_NFKKDYSV	-0.8238295393887706	1.3116535936732403	0.07861178891873641	-0.6743616709569551	2.568070411046458
BS_NGSG2KB6	-0.4284284837048031	0.8274961488305534	0.792570016336903	-0.7721041980579632	-0.37332431114149456
BS_NNPEC7W1	-0.779956447371484	-0.09289409321479636	0.6365504342072257	0.6935461473056898	0.537728368171403
BS_NNYXMSTX	-0.07979910825054945	0.5083446077299033	-0.45748415454192626	0.7430899587568487	-0.5991943479690811
BS_NPA6CZQF	1.6221610883593844	0.18322096687992895	1.7246047697445324	1.6622618855735778	-0.5267106667941782
BS_NPMEGFW8	0.9580473840167915	1.1888555246928274	0.5283979367910235	-0.9395083126818018	-0.1001580136262994
BS_NQ54ST98	-0.8173772706696808	0.9594862062790135	0.5044777771339566	-0.14302588857815557	-0.1001580136262994
BS_NQTHFF5H	0.5980671746520454	-1.108619476029885	-0.3355026220183583	0.06034352651489256	-0.5991943479690811
BS_NR3P3GN2	-0.8238295393887706	0.11761441076563538	-0.3711642359653915	-0.17511030745262504	-0.35704141311423016
BS_NX1R0BC3	2.7248422443189733	-1.7062494513811293	0.5981552394450345	1.3654100595731298	0.0618227090560509
BS_NXXTPSEP	-0.8238295393887706	-1.5565064990460715	1.1463064298984564	0.35192680977765506	-0.5090253933581063
BS_P0QF87WC	0.5937102871118392	-0.6044996499376077	-0.14045601880264555	0.7996251285952228	-0.4915077553678289
BS_P4PMWFMV	1.181138924454235	0.2597842590976667	0.2140144656210809	0.8874638705585841	-0.42305189337729393
BS_P7J6GBHR	-0.744577801915458	-1.7830937398619042	0.049033280925626074	-0.3001101251285922	-0.5991943479690811
BS_P7W3AYKV	1.9425744915256749	-0.013062858526480118	0.31712283180516093	0.5358166037931181	4.54091898217584
BS_P9JP6JFA	-0.779956447371484	-1.7510561714849608	-1.7633867782769528	-0.2658522776059866	-0.43992960858732216
BS_PENM28KT	-0.8238295393887706	0.7681136006710115	0.7405390064570649	-1.421609180950387	0.04885355428257381
BS_PGK832G2	-0.8109885721340735	-1.6920901444484737	-0.8920306324817802	0.1102677990137549	-0.5991943479690811
BS_PJ1T8CQR	0.46786231489091706	-0.36235322940365716	-0.6938007277677248	-0.10036714119553397	-0.37332431114149456
BS_PJC6FH4Y	-0.8238295393887706	-0.3957119582875584	-0.34967536758640355	-0.6461783166053271	-0.2622464311293962
BS_PNYN0AYD	-0.8046622033583154	-1.7357112862553274	0.5353681073602908	0.013838213158031097	-0.5808051716599426
BS_PQVTB6BB	-0.8238295393887706	0.6301475714744185	0.009393119068934662	0.5921410053097554	0.2578310827302979
BS_PS0P3QJ3	2.1450998265956027	-0.5695388729929404	0.23582217981547088	-1.6085325897813418	-0.2316986782623627
BS_PVCWX633	0.22110230270031378	1.1267048882661366	-1.995975065152762	0.4979297422071696	-0.5090253933581063
BS_PWEX0YDM	-0.6010296009192312	0.8191398739377614	-0.007889967595864212	0.32412621202787734	0.0618227090560509
BS_PXCPK5XS	0.9234951400269108	1.9346488134845117	2.1645601749796075	0.14399432401661905	-0.18680342671063901
BS_PZVHMSYN	-0.8238295393887706	-0.27364019814168344	-1.3129960128442015	-0.2606658203105282	-0.35704141311423016
BS_Q06J3RYW	-0.09017449209334209	-0.0810749018187382	-2.3437338880509637	-0.611823823139002	-0.1001580136262994
BS_Q35GFYDR	-0.8238295393887706	0.8756109642036363	-0.007889967595864212	-1.3720784432939939	0.9320497563040857
BS_Q9N5PRD5	-0.52721346948757	0.11709415584610915	-0.34493764682956535	-1.1203648279855072	-0.3248997860898478
BS_QB84TBA3	-0.8173772706696808	0.21374126884672548	0.20554991872174758	0.35129224558332467	1.3684943399455223
BS_QGKEP3KB	-0.8238295393887706	0.8013870466491284	0.12022731311323441	0.47474496127080856	-0.5625971724472577
BS_QH0VYVJK	1.6270651503838651	-1.6304455089056584	0.5353681073602908	-0.7617152243384663	-0.5991943479690811
BS_QHY302E8	0.24274044408084178	0.7233870216172912	0.12022731311323441	-1.3098515496072232	-0.544566815083212
BS_QMBS32Y2	0.7298999609609642	0.20152738935872797	0.6299936793737375	-0.7514730220668631	-0.5991943479690811
BS_QNNX91SM	-0.8109885721340735	1.368069636513738	2.121295712125135	0.18185709219561222	-0.29330761557936663
BS_QNQX0Q35	-0.8238295393887706	0.8501849806487859	-0.08291662537447804	-0.0776456413340463	0.2578310827302979
BS_QQEAVBCP	-0.7921916717926945	-0.24374556612431192	-0.42489563057111623	-0.4092738733980218	-0.2469094387855071
BS_QS5BGW2P	0.638739924591628	0.4162156886940596	0.05833336776533813	-0.07079529544670879	-0.2469094387855071
BS_QWTE1CWR	-0.8173772706696808	0.09206966562045665	-1.0043209856860587	-1.5236678108410069	-0.4915077553678289
BS_QY2G1JZJ	-0.7860452024926619	1.3166689130411113	0.8659691931103974	1.4078717386807487	1.5446367945373092
BS_QYA4TQXX	1.9067457422804395	-1.0990293020894497	-0.9052434604527715	0.76888138477675	-0.5991943479690811
BS_QYPHA40N	1.4100047024841253	0.28001896693705497	0.1729847154089559	-1.6277387340301104	-0.2316986782623627
BS_R5JQE0VJ	-0.7739243326535472	-1.0319855386451258	0.34544194558111213	-1.2671928022246015	-0.5991943479690811
BS_R5SNFB5B	-0.8173772706696808	-1.7776228220886843	-0.5864179977693131	0.16069989138103458	-0.4915077553678289
BS_R7NTZR4C	-0.14926454402753253	1.5581913345638259	0.6804617529737856	0.7190279467906779	-0.3248997860898478
BS_R8ZAB797	0.7155690427495336	1.3080259579204347	1.1787090923349797	2.3352119989421727	-0.47415460466980514
BS_R9B92M75	-0.8173772706696808	1.2085803717281882	1.0775323077430705	0.07906605297119186	-0.29330761557936663
BS_RCCN63K6	-0.8238295393887706	0.9455524427656523	-0.8306685744153912	-1.7210804005441318	0.19878142791248152
BS_RFC6CATQ	-0.8238295393887706	0.814035156826534	0.3885545242809115	-0.9781835910002786	-0.12859083553099973
BS_RHAWQJ48	-0.22966296200494912	0.6375360416853368	1.514204705470954	1.359824414478793	3.0413823252665177
BS_RHM60031	-0.5231223035123014	-0.23842036517736268	-0.8626811736135405	-1.1325498130588647	-0.17207747651842137
BS_RJC3WDD6	2.1494141981737083	-0.9322087432682796	0.9197897758762209	1.2869406680775224	-0.42305189337729393
BS_RJMJ935A	0.9300341633994303	-0.19085561968656228	-0.4829954444521124	-1.4907080649109288	-0.5267106667941782
BS_RN0VAY51	-0.6637537004710603	1.2644590055483815	0.33762391536637903	1.2438557450841985	1.808714762676201
BS_RPH4DCMK	-0.8238295393887706	0.6530699146316198	-0.5220137420086732	-0.251131171916019	-0.5808051716599426
BS_RQTTCJ29	0.2851377410737514	0.49007466613723705	-1.671391184827295	-0.15889062546645127	-0.4569628809685119
BS_RX1YTZ7F	-0.8173772706696808	1.2103886093345515	1.0297011588141949	-0.5790238721281816	-0.2469094387855071
BS_RXN5T5YT	-0.8238295393887706	-0.014824406528317373	-0.4958997985803636	0.5843576515649488	-0.3897519479377474
BS_RYW3WZJP	-0.8238295393887706	0.8425864891417278	-0.3978123076434037	-1.165223848819437	-0.42305189337729393
BS_RZBFH1QF	-0.8173772706696808	0.031064802361951756	-0.2891163487591729	-0.6034836706539211	-0.044571959710069844
BS_S20SP0WW	2.5181475712222605	-0.17410238063930833	0.3625129550374929	-0.4229964826866481	1.086792565862217
BS_S2TA8R29	0.8883866930387551	-0.7915662429814219	-0.7321935643989608	-0.16727956116096745	-0.3897519479377474
BS_S3C2PZAH	0.7548099011575381	-0.17913444047202734	-0.20006401813368188	-0.07707230042181037	-0.5625971724472577
BS_S3MET0JZ	-0.8109885721340735	-0.9672257519942979	0.5101371721731278	-0.009799259059754718	0.9076788936354332
BS_S5P8VTN5	-0.56524409909643	1.0401023485992718	0.06573606370661857	-0.8231918269318086	0.12533744691296086
BS_S6B9DVNS	1.6070697007763193	-1.7207830561458615	-0.1509443595060301	-1.2761250246043592	-0.5267106667941782
BS_S6S7SK3P	-0.6637537004710603	-0.2857796339782043	-0.1011945939437906	1.4624539914684151	-0.5090253933581063
BS_S8K878T3	2.0739387956975888	-1.5565064990460715	-0.21093750717419613	1.0430018140960697	-0.4063269197658398
BS_S8ZE9VMN	-0.8173772706696808	1.3206484880071137	-1.7857952427624744	1.6339812938582774	0.48709240696873096
BS_SB12W1XT	1.7860528536646059	0.5336435771193073	1.0297011588141949	-1.0086071966423436	-0.4063269197658398
BS_SBMAM00V	2.052250066832773	0.5226352545538471	-0.6307872304018418	-0.7811290807270025	1.4737745559426036
BS_SBMCD7XZ	1.2380518643099137	0.6352420180124025	0.18677440932309783	-0.611823823139002	-0.5991943479690811
BS_SD0EMK7Y	0.008587756696975429	0.22895529255299185	-0.3005918349516482	2.067501551815337	2.3677957706391446
BS_SD8YBRBR	1.754478703897498	-1.538595381069786	0.7721943213452075	-0.16792890249030343	-0.07215600866413967
BS_SERDGASJ	-0.7983969598742171	0.10321388739927238	-0.16999218890469792	2.053197816668239	0.8325765836541595
BS_SHJA4MR0	1.061851938349205	-1.0548981330864735	-0.34967536758640355	0.7188367827696001	-0.4915077553678289
BS_SJVTZ5TH	-0.8238295393887706	-0.14539948079169066	-0.08696102039617544	-0.49274214255450516	1.1452352846106741
BS_SMWQR2F1	-0.8109885721340735	0.6379398776930346	-2.0282996976545924	0.4460747211399616	0.009390909629381397
BS_SNVM7CZT	1.819140062456921	-0.04964790840710949	1.2471172789831182	-0.6324871200226023	-0.5090253933581063
BS_SNWRBH0J	-0.8238295393887706	-1.7830937398619042	-0.12381145107726774	-0.10870044611393766	-0.5991943479690811
BS_SR2RGDXJ	-0.8238295393887706	1.1092264275757016	0.8068035898845182	0.40037965614756904	-0.47415460466980514
BS_STAJHZDX	-0.7860452024926619	1.2860532521688444	-1.5253550381488883	1.540065279655711	3.0284494735322975
BS_SW9Z10F9	-0.8238295393887706	0.5515672079868843	-2.56290127248079	-0.3214697908542616	-0.544566815083212
BS_SXM30B9W	0.7587759542311291	0.930071145449118	1.6439045617524826	-0.43322742219742494	-0.5991943479690811
BS_SY3J3XR9	-0.8238295393887706	0.11046129363157188	0.43057453910430443	1.1533608637742758	1.5904124342877328
BS_T1YHK6B7	-0.8238295393887706	-0.1099322162431237	0.28021891277781275	-0.5894057614092798	0.19878142791248152
BS_T289QKBV	0.7450758462722675	0.7160814559311055	1.395168797773087	-0.8312563099264642	-0.4915077553678289
BS_T2F48Z4E	1.05759049263271	-1.5638375769860888	-0.2982903756830126	0.6644618867429374	-0.4569628809685119
BS_T3DGY9J9	-0.694885166123326	1.148610696373258	1.3935114251844727	-0.8678461159304988	-0.34090072561921275
BS_T80VQKVE	0.5310317230156724	0.2732694061643793	-2.207366580060878	0.5372916593288906	-0.5808051716599426
BS_T9A8JJW5	1.3623632443724576	-1.6473644653499862	0.517184361432304	0.37533069952617937	-0.201647658894058
BS_TASG32Z2	-0.8238295393887706	0.5130932601942702	-0.3028964929138333	-0.3319829300068896	0.009390909629381397
BS_TBRW63QW	1.3953569883770018	0.5321775995665343	1.2543465051990932	-1.0601073895254032	-0.4063269197658398
BS_TGS109T3	-0.8238295393887706	1.0227360057327337	0.020815904562622195	-0.4304228169755028	-0.003952808779527801
BS_TGSXGXM7	-0.8238295393887706	0.6774592746337131	1.0141408212647116	0.09370356309122654	-0.5625971724472577
BS_TJTEF70D	-0.7921916717926945	-1.602035064566018	-1.3911456069379862	0.036239260262271686	-0.5808051716599426
BS_TK84K675	-0.8238295393887706	-1.0727317839686168	-1.3129960128442015	-0.5324488989056358	-0.47415460466980514
BS_TM9MH0RP	-0.8173772706696808	0.12141464562254575	-0.8275010450150333	-0.05173027995135366	-0.5267106667941782
BS_TPB6WVF4	1.303913379841991	-1.0319855386451258	-0.9523355013909931	1.2652234823807809	-0.42305189337729393
BS_TR2P8KRF	-0.8238295393887706	0.6837473002171814	-2.122311980993939	-0.47071037812095573	0.04885355428257381
BS_TRKH2SPE	-0.8109885721340735	0.236546930875733	-0.9557509529318935	-0.3303555678292342	-0.18680342671063901
BS_TRPXB3AV	1.8287565841228857	-1.354603232107022	0.5058944377385894	-0.03693965157304469	-0.5991943479690811
BS_TTDNZTZ0	1.3341456312735718	0.46770317039372195	0.7132735005297769	-1.6277387340301104	-0.5090253933581063
BS_TTE04ZP8	-0.7921916717926945	1.3455207525486217	0.26063363229874753	1.3621897984554823	1.5504211403263328
BS_TV5B86ZD	1.614961040412318	-1.6560232694950339	0.6625212256402061	-1.417956832945087	-0.5808051716599426
BS_TVH33J9Q	0.9800999962578663	0.8652520307486222	0.13976713482681596	0.5741594207417015	-0.5991943479690811
BS_TXZ7KHTQ	-0.8238295393887706	0.1329974604584792	-0.4907259998842442	0.146103692818408	-0.544566815083212
BS_V0DQFC75	-0.8238295393887706	0.10285789988294351	-1.9517537475229498	-1.0490723279921552	0.44556039014119175
BS_V3Z3DB4N	1.1686512384156276	0.2600518778421873	-0.3052043584733824	2.7654145757911746	-0.4915077553678289
BS_V558NW3Q	-0.7983969598742171	-0.6946530636530613	1.007875570221064	0.5998416851932177	1.3557046904872165
BS_V6RSB5HQ	0.3093062896693447	-0.09723247074611148	-1.186478990337245	-0.9702817193622411	-0.5090253933581063
BS_V8QWBVS3	-0.8238295393887706	-1.6304455089056584	-0.7351840090992039	-0.28774326585139726	-0.5991943479690811
BS_VBMRQK4F	-0.8173772706696808	0.7080263784422333	0.8464809499047885	0.6000669421612371	2.9515999613840513
BS_VDFXXMEX	-0.8238295393887706	0.9821079880324123	1.6064131998790634	-0.02724425312592658	0.07470148571028866
BS_VF3NVT4G	-0.8046622033583154	1.1165720648682993	0.06573606370661857	0.6285535216133427	1.1307969535881122
BS_VF5XWFXD	-0.8238295393887706	0.603727519450627	0.14329522368301137	0.07860383456488314	-0.30903619537485205
BS_VKH87DD2	-0.6843410694771636	0.29226610419225385	-0.46764162052601854	-1.0065387514568298	-0.35704141311423016
BS_VKHJG2B8	-0.6537000470521801	1.1194382192288708	-0.18066963170155081	1.086536795787176	0.4664430639784415
BS_VKYEM67A	0.05535858803487909	-0.46317901185496635	-0.0668369731989261	-0.5029822781306146	-0.29330761557936663
BS_VMQMGSJY	-0.8109885721340735	-0.5930180162488379	-1.4407825443729927	-0.9644113265939495	-0.17207747651842137
BS_VT2YFZNB	0.2402319393815481	0.6713518196936186	0.46140519604947294	-0.36361780236106683	-0.5267106667941782
BS_VVTHDRBD	-0.26429057050720933	0.8904736885407294	-0.13003360148065954	1.9175669072769457	-0.2316986782623627
BS_VWYA7FAH	1.0865080724172382	-1.459915288880965	-1.4684968575246051	1.9805760590430885	-0.5625971724472577
BS_VYGCBBWB	-0.8238295393887706	-1.7830937398619042	-0.26865850156468835	0.911895663777068	-0.5991943479690811
BS_VZJ7403W	1.0391602576424033	-1.1070094523325404	-2.136188222111152	-0.0736417441198402	-0.5625971724472577
BS_W1385R8Y	0.7777019502639743	0.9606845670852664	0.8091640189476746	1.8745654483860665	0.0618227090560509
BS_W4DB5RP1	-0.8046622033583154	0.3579503159286174	0.32187639780358857	-0.061200120529313076	0.7184060323296699
BS_W4H1D4Y6	0.825286690173052	0.8744306645737812	0.8032566342286461	-1.5450554841209372	-0.42305189337729393
BS_W60RQAKK	-0.42491385365844236	0.043303652768170414	0.16778387119711896	-0.6226898149026894	-0.044571959710069844
BS_W7MFJZ5A	-0.7679478142537387	1.1689860098457825	1.4116520461932627	-0.3426507671846128	-0.4915077553678289
BS_W9N9844Q	-0.7739243326535472	0.5624798398016715	-0.7351840090992039	-1.4553357059532512	-0.3248997860898478
BS_WAXJY4XQ	1.108945628667435	0.21823437509308247	0.5353681073602908	1.9184445744256324	-0.4063269197658398
BS_WBPTY8NH	-0.8238295393887706	1.2462265733742117	0.56022087937835	-0.2395657893375824	2.1886820984123614
BS_WBVSK3MP	1.976872195165622	-0.8062535323096818	0.6207704470464904	1.5792083398691226	0.04885355428257381
BS_WE4C1XN1	-0.8238295393887706	0.5746918398630607	1.4384962122892802	0.03476719976517984	-0.5991943479690811
BS_WEKK6SHP	-0.8173772706696808	-0.25285047390418686	0.03592490327981661	-0.5665335318662569	0.789495449409099
BS_WF90N975	-0.8238295393887706	-1.7830937398619042	0.26555168178683	-0.18701733770689807	-0.5991943479690811
BS_WH8G4VFB	-0.8173772706696808	-0.40955313068675725	-0.8054961572462335	-0.2770926507597328	1.9766210695746564
BS_WHBEXD5H	1.1397993050250028	-1.3156614606702195	-1.3646843889818487	-1.4787244937979547	-0.4569628809685119
BS_WJ9H4NZZ	1.2611043208877286	0.7284894220617659	1.26333894121156	2.512051674271923	-0.18680342671063901
BS_WK0FA4W7	-0.8238295393887706	0.4869845264107923	-0.9286223128874216	-0.17642369467004354	-0.2777117679971673
BS_WKESC3XN	-0.0756949954612106	0.06907979788063008	-0.4149958928868275	-1.3257162864955192	-0.15746793821694774
BS_WQ1YRTAT	0.7831648945889232	0.6128168786573206	0.6969487834635536	-0.4886862464056794	0.4767965754881155
BS_WTJEDTZC	-0.7739243326535472	0.710390448298526	0.5670588319007362	0.24664163761867028	-0.5991943479690811
BS_WVRX4C9Z	-0.727586934952469	0.6733110727229394	0.6868223328358478	2.130120054326592	0.2461711262553644
BS_X0XXN9BK	1.4487564876045853	-1.586436211276286	0.7478978993195725	0.19378807257585592	-0.21661208859765815
BS_X1G0TKP4	0.9916406396392144	-0.29893216624641816	0.356325630183816	0.09325058616568874	-0.5991943479690811
BS_X20JCR4H	-0.7739243326535472	0.8105563400983776	0.5519779404313301	1.4391180192587052	1.5847521022338436
BS_X23724NJ	0.5863831169925293	-0.8528271974018002	-0.5246478984591487	-1.0447049078823767	-0.3897519479377474
BS_X3HR4Z21	-0.8238295393887706	0.5333995188036498	-0.4701907388402737	-0.8104723858477095	-0.5625971724472577
BS_X4DD4KSZ	-0.7220208264752803	1.2131135006224454	2.0250055357171584	1.1330242630056386	-0.43992960858732216
BS_X4X1SFSE	0.6750862904101529	-1.0519812949471619	-0.4727437818955918	0.8251662197223446	-0.47415460466980514
BS_XFW6426N	0.03325993697541148	0.9066812206167479	-0.642067553746229	-1.0826945604614673	-0.3248997860898478
BS_XG0DBWVT	-0.673965685634371	0.41328760202111375	0.04155547282182673	-0.524969205707986	-0.08610397653760905
BS_XGDPK33A	-0.8238295393887706	0.9566295875219057	1.8991099738616124	0.5704151152169268	-0.18680342671063901
BS_XM1AHBDJ	-0.8238295393887706	-0.247100199470236	-2.067939859511284	-1.6474675580983824	-0.5267106667941782
BS_XQ5SFW35	0.6731554274765076	0.7502513581834018	-0.21312078745914192	-1.186088297255382	-0.15746793821694774
BS_XQXXBWPD	-0.8238295393887706	0.13501639552905056	-0.3028964929138333	-0.57673683696428	-0.5991943479690811
BS_XYVCMF4A	-0.8173772706696808	0.03329203784995868	-1.0291501297053873	-1.3964209065404658	-0.2469094387855071
BS_XZM79E42	-0.6537000470521801	-0.19512492444106064	0.884104177823067	-0.7243807815154384	-0.201647658894058
BS_Y6D7QZM4	1.2227678786742369	1.0995773884887077	1.1663944885906041	0.18943614409036266	-0.47415460466980514
BS_YA0KMBRT	0.7587759542311291	-6.725758027756599e-4	-0.18495993457838764	2.603972963096999	-0.5625971724472577
BS_YDEVMD24	-0.7561575320619032	1.303392312625875	1.303212115988167	0.9248176178655299	-0.29330761557936663
BS_YEW22W35	-0.779956447371484	1.2279672297973983	0.6469876119343784	0.25538973224670786	-0.030932805768457156
BS_YMKQT5V0	-0.7860452024926619	-0.25353094762936457	-0.19357398582980248	0.6393006728420356	0.9955099643534913
BS_YR12D1ZY	-0.7561575320619032	1.0413635958241414	-0.7868644877811288	0.8729253344286468	0.7981923923807008
BS_YR1XY6SF	1.3529425316149506	-0.009775090907902814	0.2257927068796586	-0.3825841277469738	-0.5625971724472577
BS_YS3ZJWN9	-0.8238295393887706	-1.4244305449504198	1.0785351509165853	0.15614410089504743	-0.47415460466980514
BS_YSZRQ95C	1.9521505155863246	-0.9357294983067369	0.8998112072513774	-1.8155213049751304	-0.4915077553678289
BS_YTWEM5SG	-0.8173772706696808	0.9659710065754956	0.3027798204844817	0.36668138207683615	1.0032914367797605
BS_YZ2QFDAN	0.12801014108415776	1.4150732527439354	1.7878898584854988	0.7199830115391748	-0.4063269197658398
BS_Z0ZPD9S9	-0.8238295393887706	1.009273048616874	0.41419343371941797	-0.8560023827089293	-0.5808051716599426
BS_Z3RCA1T9	-0.8238295393887706	1.5709507820864377	2.0164859016123526	0.33199236021641426	-0.37332431114149456
BS_Z4WYV1GP	0.4210988351643889	0.2645815792053285	0.2818406255103635	-1.3289313230092819	-0.5267106667941782
BS_Z8F3GM85	1.2420853481178338	-1.622177342574388	0.07677850942092805	-1.3386628724223122	-0.37332431114149456
BS_Z8YZ6QGS	0.6501933238045488	0.7600907535604783	-0.3905020777133051	0.4824676042923974	-0.4063269197658398
BS_ZD5HN296	0.9208609549984914	0.5086851606672462	1.054297918387232	0.9725690924132381	-0.4569628809685119
BS_ZF6BSFNF	-0.8238295393887706	1.2552760854714455	0.9449725815335791	-0.6287975978321517	-0.5267106667941782
BS_ZM97KKXE	-0.779956447371484	1.4420184474996647	1.5203604476192387	1.0609931515869377	-0.544566815083212
BS_ZV1P6W9C	-0.8109885721340735	-0.6342986596437681	-0.2596465166821505	0.032307103934205106	-0.044571959710069844
BS_ZVM8CAB0	1.2268972557541418	-1.3725477566938693	0.12379717700411393	-1.1374817337501575	-0.5991943479690811
BS_ZVWE73JZ	-0.8173772706696808	0.6190494131104399	-0.12381145107726774	0.49350826759618394	-0.1001580136262994
PPTC_0BTTJ3DO	1.2893741381562052	-1.6180894226297038	0.9042717375452827	-0.5144160419970368	-0.5991943479690811
PPTC_3FOYJRWJ	0.8443748313260158	-1.7357112862553274	0.46140519604947294	-1.8954174294794974	-0.5991943479690811
PPTC_BCIUGV1N	1.6409792985368157	1.3525903285528964	2.24486878318448	-1.5760995344270894	0.022638973320694335
PPTC_BEMKRKC0	0.08795075698949535	0.17609841045061836	1.532603797283117	2.1060338356922634	-0.5267106667941782
PPTC_BNBI0FG6	1.982801195362226	0.9795114179184403	1.6609264508683244	-1.8477483681286113	-0.5625971724472577
PPTC_MW31BSHL	1.0820631198533799	-0.5181809341121157	0.8464809499047885	0.22467621775513782	-0.5625971724472577
PPTC_OMTNBDYU	1.2893741381562052	-1.6920901444484737	0.47732868157877445	0.36761304578920617	-0.5991943479690811
PPTC_UCBE34K1	1.3065883974053063	-1.7830937398619042	-0.4298677516483992	0.5774198996197878	0.4350298945791365
PPTC_ZJ1S3BGD	-0.744577801915458	0.6255562665641413	1.3659228697097934	-0.23527589785193745	1.2432634043115522
